/*
SQLyog Community
MySQL - 5.6.47 : Database - rml_monitoring
*********************************************************************
*/

/*!40101 SET NAMES utf8 */;

/*!40101 SET SQL_MODE=''*/;

/*!40014 SET @OLD_UNIQUE_CHECKS=@@UNIQUE_CHECKS, UNIQUE_CHECKS=0 */;
/*!40101 SET @OLD_SQL_MODE=@@SQL_MODE, SQL_MODE='NO_AUTO_VALUE_ON_ZERO' */;
/*!40111 SET @OLD_SQL_NOTES=@@SQL_NOTES, SQL_NOTES=0 */;

/*Data for the table `activity_operator` */

insert  into `activity_operator`(`id`,`no_unit`,`nrp`,`shift`,`days_of`,`hm_start`,`hm_stop`,`created_by`,`created_date`,`validation`) values 
(1,'EX430','0411798',1,2,900,NULL,21,'2020-05-28 15:10:09','0'),
(2,'EX423','0409045',1,2,900,NULL,26,'2020-05-29 15:04:01','0'),
(3,'EX423','0411638',1,2,900,1000,36,'2020-05-30 04:07:10','0'),
(4,'EX430','0409123',1,2,4,NULL,27,'2020-05-30 04:15:56','0'),
(5,'EX423','0409045',1,7,800,NULL,26,'2020-05-30 11:34:23','0'),
(6,'EX443','0409045',1,1,2,3,26,'2020-05-30 12:56:00','0'),
(7,'EX448','0409045',1,4,2,2,26,'2020-05-30 12:57:29','0'),
(8,'EX448','0415001',1,4,2,1,38,'2020-05-30 13:00:50','0'),
(9,'EX430','0113960',2,5,1,2,34,'2020-05-30 14:04:23','0'),
(10,'EX448','0410179',1,2,1,NULL,28,'2020-06-01 03:59:57','0'),
(11,'EX448','0409132',1,1,1,2,32,'2020-06-01 05:09:19','0'),
(12,'EX448','0409132',1,2,5,5,32,'2020-06-01 05:26:42','0'),
(13,'EX423','0409045',1,3,1,NULL,26,'2020-06-01 10:38:41','0'),
(14,'EX448','0412907',1,2,5,NULL,29,'2020-06-01 10:41:01','0'),
(15,'EX448','0412907',1,2,5,NULL,29,'2020-06-01 10:41:02','0'),
(16,'EX448','0412907',1,2,5,5,29,'2020-06-01 10:41:02','0'),
(17,'EX448','0412907',1,2,5,NULL,29,'2020-06-01 10:41:02','0'),
(18,'EX430','0409045',1,1,1,8,26,'2020-06-03 10:19:49','0'),
(19,'EX448','0409045',1,3,4,NULL,26,'2020-06-03 12:51:27','0');

/*Data for the table `app_user` */

insert  into `app_user`(`UID`,`UNAMA`,`UDISTRIK`,`ULEVEL`,`UPASS`,`rowguid`,`rowguid7`) values 
(1,'0109076','1','2','0109076',1,1),
(2,'0113938','2','2','0113938',1,1),
(3,'0409095','3','2','0409095',1,1),
(4,'0409009','3','2','0409009',1,1),
(5,'0411499','3','2','0411499',1,1),
(6,'0111448','3','2','0111448',1,1),
(7,'0113974','3','2','0113974',1,1),
(8,'0110190','3','2','0110190',1,1),
(9,'0409093','3','2','0409093',1,1),
(10,'0409093','3','2','0409093',1,1),
(11,'0116032','3','2','0116032',1,1),
(12,'0810003','3','2','0810003',1,1),
(13,'0118005','3','2','0118005',1,1),
(14,'0118042','3','2','0118042',1,1),
(15,'0118047','3','2','0118047',1,1),
(16,'0410185','3','2','0410185',1,1),
(17,'0111552','3','2','0111552',1,1),
(18,'0118075','3','2','0118075',1,1),
(19,'0415007','4','2','0415007',1,1),
(20,'0415006','4','2','0415006',1,1);

/*Data for the table `detail_user` */

insert  into `detail_user`(`id`,`nama`,`nrp`,`UID`,`divisi`) values 
(1,'Danang Kuriawan','0109076',1,1),
(2,'Muhammad Haykal Karamy','0113938',NULL,2),
(3,'Musliman','0409095',NULL,3),
(4,'Supriyadi','0409009',NULL,3),
(5,'Agus Winarto','0411499',NULL,3),
(6,'Imam Maliki','0111448',NULL,3),
(7,'Kendar Sulistiyo','0113974',NULL,3),
(8,'Fajar Hidayat','0110190',NULL,3),
(9,'Karyanto','0409093',NULL,3),
(10,'Karyanto','0409093',NULL,3),
(11,'Argi Saputra','0116032',NULL,3),
(12,'Hamzah','0810003',NULL,3),
(13,'Akhmad Prayoga','0118005',NULL,3),
(14,'Giferi Hendrayana','0118042',NULL,3),
(15,'Alpian Permana Putra','0118047',NULL,3),
(16,'Rahmant Nugroho','0410185',NULL,3),
(17,'Sri Johney Christianto','0111552',NULL,3),
(18,'Kevin Gardo Bangkit','0118075',NULL,3),
(19,'Henny Novita Sari','0415007',NULL,4),
(20,'Rinda Ramadianti','0415006',NULL,4),
(21,'Yohanis Manggasa','0411798',NULL,5),
(22,'Roguna Siregar','0409072',NULL,5),
(23,'Isramsyah','0410205',NULL,5),
(24,'Tasran','0410184',3,5),
(25,'Nur Faim','0409030',NULL,5),
(26,'Agus Dudianto','0409045',NULL,5),
(27,'Subiyanto','0409123',NULL,5),
(28,'Asep Mulyana','0410179',NULL,5),
(29,'Ismid Rizani','0412907',NULL,5),
(30,'Heriadi Idrus','0410166',NULL,5),
(31,'Haryono','0409012',NULL,5),
(32,'Agung Prayogo','0409132',NULL,5),
(33,'Januar Aji Setiyoko','0113959',NULL,5),
(34,'Adi Triyanto','0113960',NULL,5),
(35,'Sahman','0409073',NULL,5),
(36,'Yulia Fansisco','0411638',NULL,5),
(37,'Sadri','0414003',NULL,5),
(38,'Agus Setiono','0415001',NULL,5),
(39,'Kisman','0417015',NULL,5),
(40,'Edi Prantiyo','0418003',NULL,5),
(41,'I Wayan Partaayasa','0418006',NULL,5),
(42,'Kamaruddin','0418008',NULL,5),
(43,'I Ketut Kaltim','0418009',NULL,5),
(44,'Iswansyah','0418010',NULL,5),
(45,'Krisganti','0419014',NULL,5),
(46,'Aji Sutrisno','0118003',NULL,5);

/*Data for the table `divisi` */

insert  into `divisi`(`id`,`nama_divisi`) values 
(1,'Production Departmen Head'),
(2,'Production Section Head'),
(3,'Production Group Leader'),
(4,'Production Admin'),
(5,'Heavy Equipment Operator');

/*Data for the table `engine_operator` */

insert  into `engine_operator`(`id`,`id_activity_operator`,`no_unit`,`shift`,`status_engine`,`activity_now`,`status_now`,`activity_time`,`status_time`,`all_productivity_unit`,`activity_productivity_unit`,`effectivness`,`metode`,`muatan`,`actual_prod`,`material`,`ritase_sebelum`,`ritase_sekarang`,`jam_engine`,`jam_sekarang`,`segmen`,`keterangan`,`created_date`,`created_by`,`validation`) values 
(1,1,'',0,1,1,0,'00:00:16','00:00:00',11,0,0,0,11,11,0,0,1,'00:01:08','22:23:06','Muatan',NULL,'2020-05-28 15:13:06',1,NULL),
(2,1,'',0,1,1,0,'00:00:23','00:00:00',23,11,0,0,23,23,0,0,2,'00:01:15','22:23:14','Muatan',NULL,'2020-05-28 15:13:06',1,NULL),
(3,1,'',0,1,0,0,'00:00:00','00:00:00',0,0,0,0,0,0,0,0,0,'00:00:00','15:13:05','Engine On',NULL,'2020-05-28 15:13:06',1,NULL),
(4,1,'',0,1,1,0,'00:00:00','00:00:00',0,0,0,0,0,0,0,0,0,'00:00:19','15:13:25','Aktifitas',NULL,'2020-05-28 15:13:25',1,NULL),
(5,1,'',0,1,0,0,'00:00:00','00:00:00',0,0,0,0,0,0,0,0,0,'00:00:00','15:19:48','Engine On','Engine On','2020-05-28 15:19:48',1,NULL),
(6,1,'',0,1,1,0,'00:00:00','00:00:00',0,0,0,0,0,0,0,0,0,'00:00:15','15:20:04','Aktifitas','001','2020-05-28 15:20:04',1,NULL),
(7,1,'',0,1,1,0,'00:00:13','00:00:00',11,0,0,0,11,11,0,0,1,'00:00:29','15:20:17','Muatan','11BCM','2020-05-28 15:20:18',1,NULL),
(8,1,'',0,1,1,0,'00:00:18','00:00:00',23,11,0,0,23,23,0,0,2,'00:00:33','15:20:22','Muatan','12BCM','2020-05-28 15:20:22',1,NULL),
(9,1,'',0,0,1,0,'02:09:23','00:00:00',7.66667,0.39,0.01,0,23,0,0,0,0,'02:09:38','19:13:17','Engine Off','Engine Off','2020-05-28 19:13:17',1,NULL),
(10,2,'EX423',0,1,0,0,'00:00:00','00:00:00',0,0,0,0,0,0,0,0,0,'00:00:00','15:04:07','Engine On','Engine On','2020-05-29 15:04:07',2,1),
(11,2,'EX423',0,1,1,0,'00:00:00','00:00:00',0,0,0,0,0,0,0,0,0,'02:59:39','22:38:09','Aktifitas','001','2020-05-29 22:38:09',2,NULL),
(12,2,'EX423',0,1,1,0,'00:10:50','00:00:00',2.75,0,0,0,11,11,0,0,1,'03:10:29','22:49:05','Muatan','11 BCM','2020-05-29 22:49:05',2,1),
(13,2,'EX423',0,1,1,0,'00:39:34','00:00:00',5.75,0.28,0,0,23,23,0,0,2,'03:39:13','23:31:33','Muatan','12 BCM','2020-05-29 23:31:33',2,1),
(14,3,'EX423',1,1,0,0,'00:00:00','00:00:00',0,0,0,0,0,0,0,0,0,'00:00:00','04:07:23','Engine On','Engine On','2020-05-30 04:07:23',3,NULL),
(15,3,'EX423',1,1,28,0,'00:00:00','00:00:00',0,0,0,0,0,0,0,0,0,'00:00:06','04:07:30','Aktifitas','028','2020-05-30 04:07:30',3,NULL),
(16,3,'EX423',1,1,28,0,'00:00:12','00:00:00',0,0,0,0,0,0,0,0,0,'00:00:19','04:07:42','Aktifitas','028','2020-05-30 04:07:43',3,NULL),
(17,3,'EX423',1,1,1,0,'00:00:12','00:00:00',0,0,0,0,0,0,0,0,0,'00:00:19','04:07:42','Aktifitas','001','2020-05-30 04:07:44',3,NULL),
(18,3,'EX423',1,1,1,0,'00:00:01','00:00:00',11,0,0,0,11,11,0,0,1,'00:00:21','04:07:45','Muatan','11 BCM','2020-05-30 04:07:46',3,NULL),
(19,3,'EX423',1,1,1,0,'00:00:02','00:00:00',23,11,0,0,23,23,0,0,2,'00:00:22','04:07:45','Muatan','12 BCM','2020-05-30 04:07:46',3,NULL),
(20,3,'EX423',1,1,1,0,'00:00:03','00:00:00',37,23,0,0,37,37,0,0,3,'00:00:23','04:07:47','Muatan','14 BCM','2020-05-30 04:07:47',3,NULL),
(21,3,'EX423',1,0,1,0,'00:00:12','00:00:00',37,37,0,0,37,37,0,0,3,'00:00:32','04:07:56','Selesai Kerja','Selesai Kerja','2020-05-30 04:07:57',3,1),
(22,4,'EX430',1,1,0,0,'00:00:00','00:00:00',0,0,0,0,0,0,0,0,0,'00:00:00','05:16:14','Engine On','Engine On','2020-05-30 04:16:15',4,NULL),
(23,4,'EX430',1,1,0,0,'00:00:00','00:00:00',0,0,0,0,0,0,0,0,0,'00:00:05','05:16:20','Material','MUD','2020-05-30 04:16:21',4,NULL),
(24,4,'EX430',1,1,0,0,'00:00:00','00:00:00',0,0,0,0,0,0,0,0,0,'00:00:09','05:16:24','Material','HARD RIPPING','2020-05-30 04:16:24',4,NULL),
(25,4,'EX430',1,1,1,0,'00:00:00','00:00:00',0,0,0,0,0,0,0,0,0,'00:00:12','05:16:27','Aktifitas','001','2020-05-30 04:16:27',4,NULL),
(26,4,'EX430',1,1,1,0,'00:00:00','00:00:00',0,0,0,0,0,0,0,0,0,'00:00:12','05:16:27','Aktifitas','001','2020-05-30 04:16:29',4,NULL),
(27,4,'EX430',1,1,1,0,'00:00:00','00:00:00',0,0,0,0,0,0,0,0,0,'00:00:12','05:16:27','Aktifitas','001','2020-05-30 04:16:30',4,NULL),
(28,4,'EX430',1,1,1,0,'00:00:00','00:00:00',0,0,0,0,0,0,0,0,0,'00:00:12','05:16:27','Aktifitas','001','2020-05-30 04:16:30',4,NULL),
(29,4,'EX430',1,1,1,0,'00:00:00','00:00:00',0,0,0,0,0,0,0,0,0,'00:00:12','05:16:27','Aktifitas','001','2020-05-30 04:16:30',4,NULL),
(30,4,'EX430',1,1,1,0,'00:00:01','00:00:00',0,0,0,1,0,0,0,0,0,'00:00:14','05:16:32','Metode','1','2020-05-30 04:16:32',4,NULL),
(31,4,'EX430',1,1,1,0,'00:00:07','00:00:00',12,0,0,1,12,12,0,0,1,'00:00:20','05:16:38','Muatan','12 BCM','2020-05-30 04:16:39',4,NULL),
(32,4,'EX430',1,1,1,0,'00:00:19','00:00:00',24,12,0,1,24,24,0,0,2,'00:00:32','05:16:50','Muatan','12 BCM','2020-05-30 04:16:51',4,NULL),
(33,4,'EX430',1,1,1,0,'00:00:23','00:00:00',24,24,0,1,24,24,0,0,2,'00:00:36','05:16:54','Aktifitas','001','2020-05-30 04:16:54',4,NULL),
(34,4,'EX430',1,1,22,0,'00:00:23','00:00:00',24,24,0,1,24,24,0,0,2,'00:00:36','05:16:54','Aktifitas','022','2020-05-30 04:16:55',4,NULL),
(35,4,'EX430',1,1,22,0,'00:00:10','00:00:00',24,24,0,1,24,24,0,0,2,'00:00:46','05:17:04','Aktifitas','022','2020-05-30 04:17:05',4,NULL),
(36,4,'EX430',1,1,1,0,'00:00:10','00:00:00',24,24,0,1,24,24,0,0,2,'00:00:46','05:17:04','Aktifitas','001','2020-05-30 04:17:06',4,NULL),
(37,4,'EX430',1,1,1,0,'00:00:02','00:00:00',36,24,0,1,36,36,0,0,3,'00:00:49','05:17:08','Muatan','12 BCM','2020-05-30 04:17:08',4,NULL),
(38,4,'EX430',1,1,1,0,'00:00:08','00:00:00',36,36,0,1,36,36,0,0,3,'00:00:54','05:17:13','Aktifitas','001','2020-05-30 04:17:14',4,NULL),
(39,4,'EX430',1,1,2,0,'00:00:08','00:00:00',36,36,0,1,36,36,0,0,3,'00:00:54','05:17:13','Aktifitas','002','2020-05-30 04:17:14',4,NULL),
(40,4,'EX430',1,1,2,0,'00:00:08','00:00:00',48,36,0,1,48,48,0,0,4,'00:01:03','05:17:22','Muatan','12 BCM','2020-05-30 04:17:23',4,NULL),
(41,4,'EX430',1,1,2,0,'00:00:12','00:00:00',48,48,0,1,48,48,0,0,4,'00:01:07','05:17:27','Status','ENGINE MATI/LIPAT','2020-05-30 04:17:27',4,NULL),
(42,4,'EX430',1,0,2,0,'00:00:16','00:00:03',48,48,0,1,48,48,0,0,4,'00:01:11','05:17:31','Engine Off','Engine Off','2020-05-30 04:17:31',4,NULL),
(43,4,'EX430',1,1,2,0,'00:00:16','00:00:03',48,48,0,1,48,48,0,0,4,'00:01:11','05:17:35','Engine On','Engine On','2020-05-30 04:17:35',4,NULL),
(44,4,'EX430',1,1,2,0,'00:00:30','00:00:17',48,48,0,1,48,48,0,0,4,'00:01:25','05:17:50','Status','STANDBY','2020-05-30 04:17:51',4,NULL),
(45,4,'EX430',1,1,2,0,'00:01:12','00:00:42',48,24,0,1,48,48,0,0,4,'00:02:07','05:18:41','Status','GROUND TEST','2020-05-30 04:18:42',4,NULL),
(46,4,'EX430',1,1,2,0,'00:05:49','00:04:37',48,8,0,1,48,48,0,0,4,'00:06:44','05:42:40','Aktifitas','002','2020-05-30 04:42:40',4,NULL),
(47,4,'EX430',1,1,1,0,'00:05:49','00:04:37',48,8,0,1,48,48,0,0,4,'00:06:44','05:42:40','Aktifitas','001','2020-05-30 04:42:40',4,NULL),
(48,4,'EX430',1,1,1,0,'00:05:49','00:04:38',48,8,0,1,48,48,0,0,4,'00:06:45','05:42:41','Aktifitas','001','2020-05-30 04:42:41',4,NULL),
(49,4,'EX430',1,1,2,0,'00:05:49','00:04:38',48,8,0,1,48,48,0,0,4,'00:06:45','05:42:41','Aktifitas','002','2020-05-30 04:42:42',4,NULL),
(50,4,'EX430',1,1,2,0,'00:00:03','00:04:42',60,8,0,1,60,60,0,0,5,'00:06:49','05:42:45','Muatan','12 BCM','2020-05-30 04:42:46',4,NULL),
(51,4,'EX430',1,1,2,0,'00:00:05','00:04:44',60,10,0,1,60,60,0,0,5,'00:06:51','05:42:47','Aktifitas','002','2020-05-30 04:42:47',4,NULL),
(52,4,'EX430',1,1,1,0,'00:00:05','00:04:44',60,10,0,1,60,60,0,0,5,'00:06:51','05:42:47','Aktifitas','001','2020-05-30 04:42:48',4,NULL),
(53,4,'EX430',1,1,1,0,'00:00:03','00:04:47',72,10,0,1,72,72,0,0,6,'00:06:55','05:42:51','Muatan','12 BCM','2020-05-30 04:42:51',4,NULL),
(54,4,'EX430',1,0,1,0,'00:00:12','00:04:56',72,10.29,0,1,72,72,0,0,6,'00:07:03','05:43:00','Engine Off','Engine Off','2020-05-30 04:43:00',4,NULL),
(55,4,'EX430',1,1,1,0,'00:00:12','00:04:56',72,10.29,0,1,72,72,0,0,6,'00:07:03','05:43:05','Engine On','Engine On','2020-05-30 04:43:06',4,NULL),
(56,4,'EX430',1,1,1,0,'00:00:14','00:04:58',72,10.29,0,2,72,72,0,0,6,'00:07:05','05:43:08','Metode','2','2020-05-30 04:43:08',4,NULL),
(57,4,'EX430',1,1,1,0,'00:00:15','00:04:59',72,10.29,0,2,72,72,0,0,6,'00:07:06','05:43:09','Aktifitas','001','2020-05-30 04:43:10',4,NULL),
(58,4,'EX430',1,1,2,0,'00:00:15','00:04:59',72,10.29,0,2,72,72,0,0,6,'00:07:06','05:43:09','Aktifitas','002','2020-05-30 04:43:10',4,NULL),
(59,4,'EX430',1,1,2,0,'00:00:15','00:05:00',84,10.29,0,2,84,84,0,0,7,'00:07:07','05:43:10','Muatan','12 BCM','2020-05-30 04:43:10',4,NULL),
(60,4,'EX430',1,1,2,0,'00:00:01','00:05:01',84,12,0,2,84,84,0,0,7,'00:07:08','05:43:11','Status','ENGINE MATI/LIPAT','2020-05-30 04:43:12',4,NULL),
(61,4,'EX430',1,1,2,0,'00:00:08','00:00:06',84,12,0,2,84,84,0,0,7,'00:07:15','05:43:19','Aktifitas','002','2020-05-30 04:43:19',4,NULL),
(62,4,'EX430',1,1,16,0,'00:00:08','00:00:06',84,12,0,2,84,84,0,0,7,'00:07:15','05:43:19','Aktifitas','016','2020-05-30 04:43:19',4,NULL),
(63,4,'EX430',1,1,16,0,'00:00:01','00:00:08',84,12,0,2,84,84,0,0,7,'00:07:17','05:43:21','Status','DT KEROK VESEL','2020-05-30 04:43:21',4,NULL),
(64,4,'EX430',1,1,16,0,'00:00:06','00:00:04',84,12,0,2,84,84,0,0,7,'00:07:21','05:43:25','Status','DT REFUEL','2020-05-30 04:43:26',4,NULL),
(65,4,'EX430',1,1,16,0,'00:00:07','00:00:01',84,12,0,2,84,84,0,0,7,'00:07:23','05:43:26','Status','GROUND TEST','2020-05-30 04:43:27',4,NULL),
(66,4,'EX430',1,1,16,0,'00:00:13','00:00:05',96,12,0,2,96,96,0,0,8,'00:07:29','05:43:33','Muatan','12 BCM','2020-05-30 04:43:33',4,NULL),
(67,4,'EX430',1,0,16,0,'00:00:17','00:00:09',96,13.71,0,2,96,96,0,0,8,'00:07:33','05:43:36','Engine Off','Engine Off','2020-05-30 04:43:37',4,NULL),
(68,4,'EX430',1,1,16,0,'00:00:17','00:00:09',96,13.71,0,2,96,96,0,0,8,'00:07:33','05:43:39','Engine On','Engine On','2020-05-30 04:43:39',4,NULL),
(69,4,'EX430',1,1,16,0,'00:00:20','00:00:12',96,13.71,0,2,96,96,0,0,8,'00:07:36','05:43:43','Aktifitas','016','2020-05-30 04:43:43',4,NULL),
(70,4,'EX430',1,1,1,0,'00:00:20','00:00:12',96,13.71,0,2,96,96,0,0,8,'00:07:36','05:43:43','Aktifitas','001','2020-05-30 04:43:43',4,NULL),
(71,4,'EX430',1,1,1,0,'00:00:01','00:00:14',108,13.71,0,2,108,108,0,0,9,'00:07:38','05:43:45','Muatan','12 BCM','2020-05-30 04:43:45',4,NULL),
(72,4,'EX430',1,1,1,0,'00:00:03','00:00:16',120,15.43,0,2,120,120,0,0,10,'00:07:40','05:43:47','Muatan','12 BCM','2020-05-30 04:43:47',4,NULL),
(73,4,'EX430',1,1,1,0,'00:00:05','00:00:17',132,17.14,0,2,132,132,0,0,11,'00:07:41','05:43:48','Muatan','12 BCM','2020-05-30 04:43:49',4,NULL),
(74,4,'EX430',1,1,1,0,'00:00:06','00:00:19',144,18.86,0,2,144,144,0,0,12,'00:07:43','05:43:50','Muatan','12 BCM','2020-05-30 04:43:50',4,NULL),
(75,4,'EX430',1,1,1,0,'00:00:07','00:00:20',158,20.57,0,2,158,158,0,0,13,'00:07:44','05:43:51','Muatan','14 BCM','2020-05-30 04:43:51',4,NULL),
(76,4,'EX430',1,1,1,0,'00:00:11','00:00:24',172,22.57,0,2,172,172,0,0,14,'00:07:48','05:43:55','Muatan','14 BCM','2020-05-30 04:43:55',4,NULL),
(77,4,'EX430',1,1,1,0,'00:00:12','00:00:25',186,24.57,0,2,186,186,0,0,15,'00:07:49','05:43:56','Muatan','14 BCM','2020-05-30 04:43:56',4,NULL),
(78,4,'EX430',1,1,1,0,'00:00:15','00:00:28',200,26.57,0,2,200,200,0,0,16,'00:07:52','05:43:59','Muatan','14 BCM','2020-05-30 04:43:59',4,NULL),
(79,4,'EX430',1,1,1,0,'00:00:16','00:00:29',214,28.57,0,2,214,214,0,0,17,'00:07:53','05:44:00','Muatan','14 BCM','2020-05-30 04:44:00',4,NULL),
(80,4,'EX430',1,1,1,0,'00:00:17','00:00:30',228,30.57,0,2,228,228,0,0,18,'00:07:54','05:44:01','Muatan','14 BCM','2020-05-30 04:44:01',4,NULL),
(81,4,'EX430',1,0,1,0,'00:00:30','00:00:43',228,28.5,0,2,228,228,0,0,18,'00:08:07','05:44:14','Engine Off','Engine Off','2020-05-30 04:44:14',4,NULL),
(82,4,'EX430',1,1,1,0,'00:00:30','00:00:43',228,28.5,0,2,228,228,0,0,18,'00:08:07','05:44:16','Engine On','Engine On','2020-05-30 04:44:16',4,NULL),
(83,4,'EX430',1,1,1,0,'00:00:40','00:00:53',228,28.5,0,2,228,228,0,0,18,'00:08:17','05:44:26','Aktifitas','001','2020-05-30 04:44:26',4,NULL),
(84,4,'EX430',1,1,26,0,'00:00:40','00:00:53',228,28.5,0,2,228,228,0,0,18,'00:08:17','05:44:26','Aktifitas','026','2020-05-30 04:44:26',4,NULL),
(85,4,'EX430',1,1,26,0,'00:00:02','00:00:56',228,28.5,0,2,228,228,0,0,18,'00:08:20','05:44:29','Aktifitas','026','2020-05-30 04:44:29',4,NULL),
(86,4,'EX430',1,1,1,0,'00:00:02','00:00:56',228,28.5,0,2,228,228,0,0,18,'00:08:20','05:44:29','Aktifitas','001','2020-05-30 04:44:30',4,NULL),
(87,4,'EX430',1,1,1,0,'00:00:02','00:00:59',228,28.5,0,2,228,228,0,0,18,'00:08:23','05:44:33','Aktifitas','001','2020-05-30 04:44:35',4,NULL),
(88,4,'EX430',1,1,4,0,'00:00:02','00:00:59',228,28.5,0,2,228,228,0,0,18,'00:08:23','05:44:33','Aktifitas','004','2020-05-30 04:44:36',4,NULL),
(89,4,'EX430',1,1,4,0,'00:00:02','00:01:00',228,28.5,0,2,228,228,0,0,18,'00:08:24','05:44:36','Aktifitas','004','2020-05-30 04:44:36',4,NULL),
(90,4,'EX430',1,1,6,0,'00:00:02','00:01:00',228,28.5,0,2,228,228,0,0,18,'00:08:24','05:44:36','Aktifitas','006','2020-05-30 04:44:36',4,NULL),
(91,4,'EX430',1,0,6,0,'00:00:01','00:01:01',228,28.5,0,2,228,228,0,0,18,'00:08:25','05:44:38','Engine Off','Engine Off','2020-05-30 04:44:38',4,NULL),
(92,4,'EX430',1,1,6,0,'00:00:01','00:01:01',228,28.5,0,2,228,228,0,0,18,'00:08:25','05:44:39','Engine On','Engine On','2020-05-30 04:44:39',4,NULL),
(93,4,'EX430',1,1,6,0,'00:00:10','00:01:10',228,28.5,0,2,228,228,0,0,18,'00:08:34','05:44:49','Aktifitas','006','2020-05-30 04:44:49',4,NULL),
(94,4,'EX430',1,1,1,0,'00:00:10','00:01:10',228,28.5,0,2,228,228,0,0,18,'00:08:34','05:44:49','Aktifitas','001','2020-05-30 04:44:49',4,NULL),
(95,4,'EX430',1,1,1,0,'00:00:09','00:01:20',228,28.5,0,2,228,228,0,0,18,'00:08:44','05:44:59','Aktifitas','001','2020-05-30 04:44:59',4,NULL),
(96,4,'EX430',1,1,25,0,'00:00:09','00:01:20',228,28.5,0,2,228,228,0,0,18,'00:08:44','05:44:59','Aktifitas','025','2020-05-30 04:44:59',4,NULL),
(97,4,'EX430',1,1,25,0,'00:00:01','00:01:21',228,28.5,0,2,228,228,0,0,18,'00:08:45','05:45:00','Aktifitas','025','2020-05-30 04:45:01',4,NULL),
(98,4,'EX430',1,1,20,0,'00:00:01','00:01:21',228,28.5,0,2,228,228,0,0,18,'00:08:45','05:45:00','Aktifitas','020','2020-05-30 04:45:01',4,NULL),
(99,4,'EX430',1,1,20,0,'00:00:02','00:01:24',228,28.5,0,2,228,228,0,0,18,'00:08:48','05:45:03','Aktifitas','020','2020-05-30 04:45:04',4,NULL),
(100,4,'EX430',1,1,18,0,'00:00:02','00:01:24',228,28.5,0,2,228,228,0,0,18,'00:08:48','05:45:03','Aktifitas','018','2020-05-30 04:45:04',4,NULL),
(101,4,'EX430',1,1,18,0,'00:00:02','00:01:26',228,28.5,0,2,228,228,0,0,18,'00:08:50','05:45:06','Aktifitas','018','2020-05-30 04:45:06',4,NULL),
(102,4,'EX430',1,1,16,0,'00:00:02','00:01:26',228,28.5,0,2,228,228,0,0,18,'00:08:50','05:45:06','Aktifitas','016','2020-05-30 04:45:06',4,NULL),
(103,4,'EX430',1,1,16,0,'00:00:02','00:01:27',228,28.5,0,2,228,228,0,0,18,'00:08:51','05:45:07','Aktifitas','016','2020-05-30 04:45:07',4,NULL),
(104,4,'EX430',1,1,13,0,'00:00:02','00:01:27',228,28.5,0,2,228,228,0,0,18,'00:08:51','05:45:07','Aktifitas','013','2020-05-30 04:45:08',4,NULL),
(105,4,'EX430',1,1,13,0,'00:00:02','00:01:28',228,28.5,0,2,228,228,0,0,18,'00:08:52','05:45:08','Aktifitas','013','2020-05-30 04:45:08',4,NULL),
(106,4,'EX430',1,1,10,0,'00:00:02','00:01:28',228,28.5,0,2,228,228,0,0,18,'00:08:52','05:45:08','Aktifitas','010','2020-05-30 04:45:09',4,NULL),
(107,4,'EX430',1,1,10,0,'00:00:11','00:01:40',228,25.33,0,2,228,228,0,0,18,'00:09:04','05:45:21','Status','TEST FATIGUE','2020-05-30 04:45:21',4,NULL),
(108,4,'EX430',1,1,10,0,'00:00:12','00:01:40',228,25.33,0,2,228,228,0,0,18,'00:09:05','05:45:22','Status','GROUND TEST','2020-05-30 04:45:23',4,NULL),
(109,4,'EX430',1,1,10,0,'00:00:31','00:00:18',228,25.33,0,2,228,228,0,0,18,'00:09:24','05:45:42','Aktifitas','010','2020-05-30 04:45:42',4,NULL),
(110,4,'EX430',1,1,1,0,'00:00:31','00:00:18',228,25.33,0,2,228,228,0,0,18,'00:09:24','05:45:42','Aktifitas','001','2020-05-30 04:45:42',4,NULL),
(111,4,'EX430',1,0,1,0,'00:00:10','00:00:29',228,25.33,0,2,228,228,0,0,18,'00:09:35','05:45:52','Engine Off','Engine Off','2020-05-30 04:45:53',4,NULL),
(112,4,'EX430',1,1,1,0,'00:00:10','00:00:29',228,25.33,0,2,228,228,0,0,18,'00:09:35','05:45:54','Engine On','Engine On','2020-05-30 04:45:54',4,NULL),
(113,4,'EX430',1,1,1,0,'00:03:27','00:03:46',242,19,0,2,242,242,0,0,19,'00:12:52','05:57:42','Muatan','14 BCM','2020-05-30 04:57:44',4,NULL),
(114,4,'EX430',1,1,1,0,'00:04:38','00:04:57',256,17.29,0,2,256,256,0,0,20,'00:14:03','05:58:55','Muatan','14 BCM','2020-05-30 04:58:56',4,NULL),
(115,4,'EX430',1,1,1,0,'00:05:11','00:05:30',270,18.29,0,2,270,270,0,0,21,'00:14:36','05:59:29','Muatan','14 BCM','2020-05-30 04:59:29',4,NULL),
(116,4,'EX430',1,0,1,0,'00:05:30','00:05:49',270,19.29,0,2,270,270,0,0,21,'00:14:55','05:59:48','Engine Off','Engine Off','2020-05-30 04:59:48',4,NULL),
(117,4,'EX430',1,1,1,0,'00:05:30','00:05:49',270,19.29,0,2,270,270,0,0,21,'00:14:55','05:59:52','Engine On','Engine On','2020-05-30 04:59:53',4,NULL),
(118,4,'EX430',1,1,1,0,'00:05:43','00:06:02',284,18,0,2,284,284,0,0,22,'00:15:08','06:00:06','Muatan','14 BCM','2020-05-30 05:00:06',4,NULL),
(119,4,'EX430',1,1,1,0,'00:05:51','00:06:10',296,18.93,0,2,296,296,0,0,23,'00:15:16','06:00:14','Muatan','12 BCM','2020-05-30 05:00:15',4,NULL),
(120,4,'EX430',1,0,1,0,'00:05:57','00:06:16',296,19.73,0,2,296,296,0,0,23,'00:15:22','06:00:21','Engine Off','Engine Off','2020-05-30 05:00:21',4,NULL),
(121,4,'EX430',1,1,1,0,'00:05:57','00:06:16',296,19.73,0,2,296,296,0,0,23,'00:15:22','06:01:03','Engine On','Engine On','2020-05-30 05:01:03',4,NULL),
(122,5,'EX423',1,1,0,0,'00:00:00','00:00:00',0,0,0,0,0,0,0,0,0,'00:00:00','11:34:50','Engine On','Engine On','2020-05-30 11:34:50',5,NULL),
(123,5,'EX423',1,1,1,0,'00:00:00','00:00:00',0,0,0,0,0,0,0,0,0,'00:00:03','11:34:53','Aktifitas','001','2020-05-30 11:34:54',5,NULL),
(124,5,'EX423',1,1,0,0,'00:00:00','00:00:00',0,0,0,0,0,0,0,0,0,'00:00:00','11:36:29','Engine On','Engine On','2020-05-30 11:36:30',5,NULL),
(125,5,'EX423',1,1,1,0,'00:00:00','00:00:00',0,0,0,0,0,0,0,0,0,'00:19:07','11:36:37','Aktifitas','001','2020-05-30 11:36:38',5,NULL),
(126,5,'EX423',1,1,1,0,'00:02:17','00:00:00',11,0,0,0,11,11,0,0,1,'00:19:25','11:36:55','Muatan','11 BCM','2020-05-30 11:36:55',5,NULL),
(127,5,'EX423',1,1,1,0,'00:02:18','00:00:00',23,0.58,0,0,23,23,0,0,2,'00:19:26','11:36:56','Muatan','12 BCM','2020-05-30 11:36:56',5,NULL),
(128,5,'EX423',1,1,1,0,'00:02:25','00:00:00',34,1.21,0,0,34,34,0,0,3,'00:19:33','11:37:03','Muatan','11 BCM','2020-05-30 11:37:03',5,NULL),
(129,5,'EX423',1,1,0,0,'00:00:00','00:00:00',0,0,0,0,0,0,0,0,0,'00:00:00','11:45:00','Engine On','Engine On','2020-05-30 11:45:00',5,NULL),
(130,5,'EX423',1,1,1,0,'00:00:00','00:00:00',0,0,0,0,0,0,0,0,0,'00:00:01','11:45:02','Aktifitas','001','2020-05-30 11:45:02',5,NULL),
(131,5,'EX423',1,1,1,0,'00:00:04','00:00:00',11,0,0,0,11,11,0,0,1,'00:00:05','11:45:07','Muatan','11 BCM','2020-05-30 11:45:07',5,NULL),
(132,5,'EX423',1,1,1,0,'00:00:09','00:00:00',23,11,0,0,23,23,0,0,2,'00:00:10','11:45:12','Muatan','12 BCM','2020-05-30 11:45:12',5,NULL),
(133,5,'EX423',1,1,0,0,'00:00:00','00:00:00',0,0,0,0,0,0,0,0,0,'00:00:00','11:53:09','Engine On','Engine On','2020-05-30 11:53:09',5,NULL),
(134,5,'EX423',1,1,1,0,'00:00:00','00:00:00',0,0,0,0,0,0,0,0,0,'00:00:04','11:53:13','Aktifitas','001','2020-05-30 11:53:14',5,NULL),
(135,5,'EX423',1,1,1,0,'00:00:02','00:00:00',11,0,0,0,11,11,0,0,1,'00:00:07','11:53:17','Muatan','11 BCM','2020-05-30 11:53:17',5,NULL),
(136,5,'EX423',1,1,1,0,'00:00:37','00:00:00',23,0.21,0,0,23,23,0,0,2,'00:00:41','11:53:51','Muatan','12 BCM','2020-05-30 11:53:51',5,NULL),
(137,5,'EX423',1,1,1,0,'00:00:38','00:00:00',34,0.43,0,0,34,34,0,0,3,'00:00:43','11:53:53','Muatan','11 BCM','2020-05-30 11:53:53',5,NULL),
(138,5,'EX423',1,1,1,0,'00:00:40','00:00:00',46,0.64,0,0,46,46,0,0,4,'00:00:44','11:53:54','Muatan','12 BCM','2020-05-30 11:53:54',5,NULL),
(139,5,'EX423',1,1,0,0,'00:00:00','00:00:00',0,0,0,0,0,0,0,0,0,'00:00:00','11:57:02','Engine On','Engine On','2020-05-30 11:57:02',5,NULL),
(140,5,'EX423',1,1,1,0,'00:00:00','00:00:00',0,0,0,0,0,0,0,0,0,'00:00:01','11:57:04','Aktifitas','001','2020-05-30 11:57:04',5,NULL),
(141,5,'EX423',1,1,1,0,'00:02:32','00:00:00',11,0,0,0,11,11,0,0,1,'00:05:33','11:57:36','Muatan','11 BCM','2020-05-30 11:57:36',5,NULL),
(142,5,'EX423',1,1,1,0,'00:02:33','00:00:00',23,11,0,0,23,23,0,0,2,'00:05:34','11:57:37','Muatan','12 BCM','2020-05-30 11:57:37',5,NULL),
(143,5,'EX423',1,1,1,0,'00:02:41','00:00:00',35,23,0,0,35,35,0,0,3,'00:05:43','11:57:46','Muatan','12 BCM','2020-05-30 11:57:46',5,NULL),
(144,5,'EX423',1,1,1,0,'00:02:42','00:00:00',47,35,0,0,47,47,0,0,4,'00:05:44','11:57:47','Muatan','12 BCM','2020-05-30 11:57:47',5,NULL),
(145,5,'EX423',1,1,1,0,'00:02:43','00:00:00',58,47,0,0,58,58,0,0,5,'00:05:45','11:57:48','Muatan','11 BCM','2020-05-30 11:57:48',5,NULL),
(146,5,'EX423',1,1,1,0,'00:02:44','00:00:00',70,58,0,0,70,70,0,0,6,'00:05:46','11:57:49','Muatan','12 BCM','2020-05-30 11:57:50',5,NULL),
(147,5,'EX423',1,1,1,0,'00:02:46','00:00:00',81,70,0,0,81,81,0,0,7,'00:05:48','11:57:51','Muatan','11 BCM','2020-05-30 11:57:51',5,NULL),
(148,5,'EX423',1,1,1,0,'00:02:47','00:00:00',93,81,0,0,93,93,0,0,8,'00:05:49','11:57:52','Muatan','12 BCM','2020-05-30 11:57:52',5,NULL),
(149,5,'EX423',1,1,1,0,'00:02:48','00:00:00',104,93,0,0,104,104,0,0,9,'00:05:50','11:57:53','Muatan','11 BCM','2020-05-30 11:57:53',5,NULL),
(150,5,'EX423',1,1,1,0,'00:02:49','00:00:00',116,104,0,0,116,116,0,0,10,'00:05:51','11:57:54','Muatan','12 BCM','2020-05-30 11:57:54',5,NULL),
(151,5,'EX423',1,1,1,0,'00:02:50','00:00:00',128,116,0,0,128,128,0,0,11,'00:05:52','11:57:55','Muatan','12 BCM','2020-05-30 11:57:55',5,NULL),
(152,5,'EX423',1,1,1,0,'00:03:44','00:00:00',139,128,0.01,0,139,139,0,0,12,'00:06:46','11:58:50','Muatan','11 BCM','2020-05-30 11:58:50',5,NULL),
(153,5,'EX423',1,1,1,0,'00:03:45','00:00:00',151,139,0.01,0,151,151,0,0,13,'00:06:47','11:58:51','Muatan','12 BCM','2020-05-30 11:58:51',5,NULL),
(154,5,'EX423',1,1,1,0,'00:03:46','00:00:00',163,151,0.01,0,163,163,0,0,14,'00:06:48','11:58:52','Muatan','12 BCM','2020-05-30 11:58:52',5,NULL),
(155,5,'EX423',1,1,1,0,'00:03:47','00:00:00',175,163,0.01,0,175,175,0,0,15,'00:06:49','11:58:52','Muatan','12 BCM','2020-05-30 11:58:52',5,NULL),
(156,5,'EX423',1,1,1,0,'00:03:47','00:00:00',187,175,0.01,0,187,187,0,0,16,'00:06:49','11:58:53','Muatan','12 BCM','2020-05-30 11:58:53',5,NULL),
(157,5,'EX423',1,1,1,0,'00:03:47','00:00:00',199,187,0.01,0,199,199,0,0,17,'00:06:49','11:58:53','Muatan','12 BCM','2020-05-30 11:58:53',5,NULL),
(158,5,'EX423',1,1,1,0,'00:03:47','00:00:00',211,199,0.01,0,211,211,0,0,18,'00:06:49','11:58:53','Muatan','12 BCM','2020-05-30 11:58:53',5,NULL),
(159,5,'EX423',1,1,1,0,'00:03:47','00:00:00',223,211,0.01,0,223,223,0,0,19,'00:06:49','11:58:53','Muatan','12 BCM','2020-05-30 11:58:54',5,NULL),
(160,5,'EX423',1,1,1,0,'00:03:52','00:00:00',237,223,0.01,0,237,237,0,0,20,'00:06:54','11:58:58','Muatan','14 BCM','2020-05-30 11:58:59',5,NULL),
(161,5,'EX423',1,1,1,0,'00:03:53','00:00:00',251,237,0.01,0,251,251,0,0,21,'00:06:55','11:58:59','Muatan','14 BCM','2020-05-30 11:58:59',5,NULL),
(162,5,'EX423',1,1,1,0,'00:05:59','00:00:00',265,251,0.01,0,265,14,0,0,22,'00:09:01','12:01:05','Muatan','14 BCM','2020-05-30 12:01:07',5,NULL),
(163,5,'EX423',1,1,1,0,'00:05:59','00:00:00',279,14,0.01,0,279,28,0,0,23,'00:09:01','12:01:05','Muatan','14 BCM','2020-05-30 12:01:07',5,NULL),
(164,5,'EX423',1,1,1,0,'00:06:00','00:00:00',293,28,0.01,0,293,42,0,0,24,'00:09:02','12:01:08','Muatan','14 BCM','2020-05-30 12:01:13',5,NULL),
(165,5,'EX423',1,1,1,0,'00:06:00','00:00:00',307,42,0.01,0,307,56,0,0,25,'00:09:02','12:01:08','Muatan','14 BCM','2020-05-30 12:01:13',5,NULL),
(166,5,'EX423',1,1,1,0,'00:06:00','00:00:00',321,56,0.01,0,321,70,0,0,26,'00:09:02','12:01:08','Muatan','14 BCM','2020-05-30 12:01:13',5,NULL),
(167,5,'EX423',1,1,1,0,'00:06:00','00:00:00',335,70,0.01,0,335,84,0,0,27,'00:09:02','12:01:08','Muatan','14 BCM','2020-05-30 12:01:17',5,NULL),
(168,5,'EX423',1,1,1,0,'00:06:00','00:00:00',349,84,0.01,0,349,98,0,0,28,'00:09:02','12:01:08','Muatan','14 BCM','2020-05-30 12:01:17',5,NULL),
(169,5,'EX423',1,1,1,0,'00:06:00','00:00:00',363,98,0.01,0,363,112,0,0,29,'00:09:02','12:01:08','Muatan','14 BCM','2020-05-30 12:01:17',5,NULL),
(170,5,'EX423',1,1,1,0,'00:06:03','00:00:00',377,112,0.01,0,377,126,0,0,30,'00:09:05','12:01:20','Muatan','14 BCM','2020-05-30 12:01:21',5,NULL),
(171,5,'EX423',1,1,1,0,'00:06:04','00:00:00',391,126,0.01,0,391,140,0,0,31,'00:09:06','12:01:22','Muatan','14 BCM','2020-05-30 12:01:22',5,NULL),
(172,5,'EX423',1,1,1,0,'00:06:11','00:00:00',405,140,0.01,0,405,154,0,0,32,'00:09:13','12:01:29','Muatan','14 BCM','2020-05-30 12:01:29',5,NULL),
(173,5,'EX423',1,1,1,0,'00:06:12','00:00:00',419,154,0.01,0,419,168,0,0,33,'00:09:14','12:01:30','Muatan','14 BCM','2020-05-30 12:01:30',5,NULL),
(174,5,'EX423',1,1,0,0,'00:00:00','00:00:00',0,0,0,0,168,0,0,0,0,'00:00:00','12:11:47','Engine On','Engine On','2020-05-30 12:11:47',5,NULL),
(175,5,'EX423',1,1,1,0,'00:00:00','00:00:00',168,168,0,0,168,168,0,0,0,'00:40:45','12:12:32','Aktifitas','001','2020-05-30 12:12:33',5,NULL),
(176,6,'EX443',1,1,0,0,'00:00:00','00:00:00',0,0,0,0,0,0,0,0,0,'00:00:00','13:56:08','Engine On','Engine On','2020-05-30 12:56:08',6,NULL),
(177,6,'EX443',1,1,1,0,'00:00:00','00:00:00',0,0,0,0,0,0,0,0,0,'00:00:03','13:56:11','Aktifitas','001','2020-05-30 12:56:12',6,NULL),
(178,6,'EX443',1,1,1,0,'00:00:05','00:00:00',0,0,0,1,0,0,0,0,0,'00:00:09','13:56:18','Metode','1','2020-05-30 12:56:18',6,NULL),
(179,6,'EX443',1,1,1,0,'00:00:07','00:00:00',0,0,0,1,0,0,0,0,0,'00:00:11','13:56:20','Material','COAL','2020-05-30 12:56:20',6,NULL),
(180,6,'EX443',1,1,1,0,'00:00:10','00:00:00',0,0,0,1,0,0,0,0,0,'00:00:14','13:56:23','Material','NON RIPPING ORI','2020-05-30 12:56:23',6,NULL),
(181,6,'EX443',1,1,1,0,'00:00:13','00:00:00',14,0,0,1,14,14,0,0,1,'00:00:17','13:56:26','Muatan','14 BCM','2020-05-30 12:56:26',6,NULL),
(182,6,'EX443',1,1,1,0,'00:00:24','00:00:00',26,14,0,1,26,26,0,0,2,'00:00:28','13:56:37','Muatan','12 BCM','2020-05-30 12:56:37',6,NULL),
(183,6,'EX443',1,0,1,0,'00:00:55','00:00:00',26,26,0,1,26,26,0,0,2,'00:00:59','13:57:12','Selesai Kerja','Selesai Kerja','2020-05-30 12:57:13',6,NULL),
(184,7,'EX448',1,1,0,0,'00:00:00','00:00:00',0,0,0,0,0,0,0,0,0,'00:00:00','13:57:33','Engine On','Engine On','2020-05-30 12:57:33',7,NULL),
(185,7,'EX448',1,1,0,0,'00:00:00','00:00:00',0,0,0,1,0,0,0,0,0,'00:00:00','13:57:33','Metode','1','2020-05-30 12:57:34',7,NULL),
(186,7,'EX448',1,1,0,0,'00:00:00','00:00:00',0,0,0,1,0,0,0,0,0,'00:00:03','13:57:37','Material','NON RIPPING','2020-05-30 12:57:37',7,NULL),
(187,7,'EX448',1,1,1,0,'00:00:00','00:00:00',0,0,0,1,0,0,0,0,0,'00:00:05','13:57:39','Aktifitas','001','2020-05-30 12:57:39',7,NULL),
(188,7,'EX448',1,1,1,0,'00:00:56','00:00:00',14,0,0,1,14,14,0,0,1,'00:01:02','13:58:36','Muatan','14 BCM','2020-05-30 12:58:37',7,NULL),
(189,7,'EX448',1,1,1,0,'00:01:22','00:00:00',26,14,0.01,1,26,26,0,0,2,'00:01:27','13:59:02','Muatan','12 BCM','2020-05-30 12:59:02',7,NULL),
(190,7,'EX448',1,1,1,0,'00:02:02','00:00:00',40,26,0.01,1,40,40,0,0,3,'00:02:08','13:59:43','Muatan','14 BCM','2020-05-30 12:59:43',7,NULL),
(191,7,'EX448',1,1,1,0,'00:02:23','00:00:00',54,40,0.01,1,54,14,0,0,1,'00:02:29','14:00:04','Muatan','14 BCM','2020-05-30 13:00:04',7,NULL),
(192,7,'EX448',1,1,1,0,'00:02:25','00:00:00',66,14,0.01,1,66,26,0,0,2,'00:02:31','14:00:06','Muatan','12 BCM','2020-05-30 13:00:06',7,NULL),
(193,7,'EX448',1,0,1,0,'00:02:52','00:00:00',66,26,0.01,1,66,26,0,0,2,'00:02:58','14:00:36','Selesai Kerja','Selesai Kerja','2020-05-30 13:00:37',7,NULL),
(194,8,'EX448',1,1,0,0,'00:00:00','00:00:00',0,0,0,0,0,0,0,0,0,'00:00:00','14:00:53','Engine On','Engine On','2020-05-30 13:00:54',8,NULL),
(195,8,'EX448',1,1,1,0,'00:00:00','00:00:00',0,0,0,0,0,0,0,0,0,'00:00:00','14:00:54','Aktifitas','001','2020-05-30 13:00:55',8,NULL),
(196,8,'EX448',1,1,1,0,'00:00:00','00:00:00',0,0,0,1,0,0,0,0,0,'00:00:01','14:00:55','Metode','1','2020-05-30 13:00:56',8,NULL),
(197,8,'EX448',1,1,1,0,'00:00:02','00:00:00',0,0,0,1,0,0,0,0,0,'00:00:03','14:00:57','Material','COAL','2020-05-30 13:00:58',8,NULL),
(198,8,'EX448',1,1,1,0,'00:00:03','00:00:00',0,0,0,1,0,0,0,0,0,'00:00:04','14:00:59','Material','NON RIPPING','2020-05-30 13:00:59',8,NULL),
(199,8,'EX448',1,1,1,0,'00:02:59','00:00:00',12,0,0.01,1,12,12,0,0,1,'00:03:00','14:03:56','Muatan','12 BCM','2020-05-30 13:03:56',8,NULL),
(200,8,'EX448',1,1,1,0,'00:04:39','00:00:00',12,12,0.01,1,12,12,0,0,1,'00:04:40','14:05:36','Aktifitas','001','2020-05-30 13:05:37',8,NULL),
(201,8,'EX448',1,1,2,0,'00:04:39','00:00:00',12,12,0.01,1,12,12,0,0,1,'00:04:40','14:05:36','Aktifitas','002','2020-05-30 13:05:37',8,NULL),
(202,8,'EX448',1,1,2,0,'00:00:39','00:00:00',12,12,0.01,1,12,12,0,0,1,'00:05:20','14:06:17','Aktifitas','002','2020-05-30 13:06:17',8,NULL),
(203,8,'EX448',1,1,1,0,'00:00:39','00:00:00',12,12,0.01,1,12,12,0,0,1,'00:05:20','14:06:17','Aktifitas','001','2020-05-30 13:06:18',8,NULL),
(204,8,'EX448',1,1,1,0,'00:01:56','00:00:00',24,12,0,1,24,24,0,0,2,'00:07:16','14:08:14','Muatan','12 BCM','2020-05-30 13:08:14',8,NULL),
(205,8,'EX448',1,0,1,0,'00:05:27','00:00:00',24,24,0.01,1,24,24,0,0,2,'00:10:48','14:19:46','Selesai Kerja','Selesai Kerja','2020-05-30 13:19:47',8,NULL),
(206,9,'EX430',2,1,0,0,'00:00:00','00:00:00',0,0,0,0,0,0,0,0,0,'00:00:00','15:04:28','Engine On','Engine On','2020-05-30 14:04:29',9,NULL),
(207,9,'EX430',2,1,2,0,'00:00:00','00:00:00',0,0,0,0,0,0,0,0,0,'00:00:14','15:04:44','Aktifitas','002','2020-05-30 14:04:44',9,NULL),
(208,9,'EX430',2,1,2,0,'00:02:43','00:00:00',0,0,0,0,0,0,0,0,0,'00:02:58','15:07:28','Aktifitas','002','2020-05-30 14:07:29',9,NULL),
(209,9,'EX430',2,1,1,0,'00:02:43','00:00:00',0,0,0,0,0,0,0,0,0,'00:02:58','15:07:28','Aktifitas','001','2020-05-30 14:07:29',9,NULL),
(210,9,'EX430',2,1,1,0,'00:03:02','00:00:00',12,0,0.01,0,12,12,0,0,1,'00:06:01','15:10:33','Muatan','12 BCM','2020-05-30 14:10:33',9,NULL),
(211,9,'EX430',2,1,1,0,'00:06:03','00:00:00',24,12,0.01,0,24,24,0,0,2,'00:09:01','15:13:37','Muatan','12 BCM','2020-05-30 14:13:38',9,NULL),
(212,9,'EX430',2,1,1,0,'00:06:51','00:00:00',24,24,0.01,0,24,24,0,0,2,'00:09:49','15:14:26','Aktifitas','001','2020-05-30 14:14:27',9,NULL),
(213,9,'EX430',2,1,2,0,'00:06:51','00:00:00',24,24,0.01,0,24,24,0,0,2,'00:09:49','15:14:26','Aktifitas','002','2020-05-30 14:14:27',9,NULL),
(214,9,'EX430',2,1,2,0,'00:00:06','00:00:00',24,24,0.01,0,24,24,0,0,2,'00:09:55','15:14:33','Aktifitas','002','2020-05-30 14:14:34',9,NULL),
(215,9,'EX430',2,1,1,0,'00:00:06','00:00:00',24,24,0.01,0,24,24,0,0,2,'00:09:55','15:14:33','Aktifitas','001','2020-05-30 14:14:34',9,NULL),
(216,9,'EX430',2,1,1,0,'00:01:26','00:00:00',24,24,0,1,24,24,0,0,2,'00:11:21','15:16:00','Metode','1','2020-05-30 14:16:01',9,NULL),
(217,9,'EX430',2,1,1,0,'00:01:50','00:00:00',36,24,0,1,36,36,0,0,3,'00:11:45','15:16:25','Muatan','12 BCM','2020-05-30 14:16:25',9,NULL),
(218,9,'EX430',2,1,1,0,'00:01:57','00:00:00',36,36,0,1,36,36,0,0,3,'00:11:52','15:16:32','Aktifitas','001','2020-05-30 14:16:32',9,NULL),
(219,9,'EX430',2,1,2,0,'00:01:57','00:00:00',36,36,0,1,36,36,0,0,3,'00:11:52','15:16:32','Aktifitas','002','2020-05-30 14:16:33',9,NULL),
(220,9,'EX430',2,1,2,0,'00:00:14','00:00:00',36,36,0,1,36,36,0,0,3,'00:12:07','15:16:47','Aktifitas','002','2020-05-30 14:17:42',9,NULL),
(221,9,'EX430',2,1,2,0,'00:00:42','00:00:00',36,36,0,1,36,36,0,0,3,'00:12:35','15:17:15','Aktifitas','002','2020-05-30 14:17:42',9,NULL),
(222,9,'EX430',2,1,2,0,'00:01:08','00:00:00',48,36,0,1,48,48,0,0,4,'00:13:01','15:17:41','Muatan','12 BCM','2020-05-30 14:17:42',9,NULL),
(223,9,'EX430',2,1,2,0,'00:01:11','00:00:00',48,48,0,1,48,48,0,0,4,'00:13:04','15:17:45','Aktifitas','002','2020-05-30 14:17:45',9,NULL),
(224,9,'EX430',2,1,1,0,'00:01:11','00:00:00',48,48,0,1,48,48,0,0,4,'00:13:04','15:17:45','Aktifitas','001','2020-05-30 14:17:46',9,NULL),
(225,9,'EX430',2,1,1,0,'00:01:09','00:00:00',48,48,0,1,48,48,0,0,4,'00:14:14','15:18:56','Material','BOULDER MATERIAL','2020-05-30 14:20:59',9,NULL),
(226,9,'EX430',2,1,1,0,'00:01:18','00:00:00',60,48,0,1,60,60,0,0,5,'00:14:23','15:19:05','Muatan','12 BCM','2020-05-30 14:20:59',9,NULL),
(227,9,'EX430',2,1,1,0,'00:01:27','00:00:00',60,60,0,1,60,60,0,0,5,'00:14:32','15:19:14','Aktifitas','001','2020-05-30 14:20:59',9,NULL),
(228,9,'EX430',2,1,1,110,'00:01:50','00:00:00',60,60,0,1,60,60,0,0,5,'00:14:55','15:19:37','Aktifitas','001','2020-05-30 14:20:59',9,NULL),
(229,9,'EX430',2,1,1,110,'00:02:31','00:00:00',72,60,0,1,72,72,0,0,6,'00:15:36','15:20:18','Muatan','12 BCM','2020-05-30 14:20:59',9,NULL),
(230,9,'EX430',2,1,1,110,'00:02:40','00:00:00',72,72,0,1,72,72,0,0,6,'00:15:44','15:20:26','Aktifitas','001','2020-05-30 14:20:59',9,NULL),
(231,9,'EX430',2,0,1,110,'00:02:51','00:00:00',72,72,0,1,72,72,0,0,6,'00:15:56','15:20:38','Selesai Kerja','Selesai Kerja','2020-05-30 14:20:59',9,NULL),
(232,9,'EX430',2,0,1,110,'00:02:57','00:00:00',72,72,0,1,72,72,0,0,6,'00:15:56','15:20:44','Selesai Kerja','Selesai Kerja','2020-05-30 14:20:59',9,NULL),
(233,9,'EX430',2,0,1,110,'00:03:00','00:00:00',72,72,0,1,72,72,0,0,6,'00:15:56','15:20:46','Selesai Kerja','Selesai Kerja','2020-05-30 14:20:59',9,NULL),
(234,9,'EX430',2,0,1,110,'00:03:12','00:00:00',72,72,0,1,72,72,0,0,6,'00:15:56','15:20:59','Selesai Kerja','Selesai Kerja','2020-05-30 14:20:59',9,NULL),
(235,5,'EX423',1,1,0,0,'00:00:00','00:00:00',0,0,0,0,0,0,0,0,0,'00:00:00','20:16:46','Engine On','Engine On','2020-05-30 20:16:46',5,NULL),
(285,10,'EX448',1,1,0,0,'00:00:00','00:00:00',0,0,0,0,0,0,0,0,0,'00:00:00','05:00:03','Engine On','Engine On','2020-06-01 04:00:04',10,NULL),
(286,10,'EX448',1,1,1,0,'00:00:00','00:00:00',0,0,0,0,0,0,0,0,0,'00:00:03','05:00:07','Aktifitas','001','2020-06-01 04:00:08',10,NULL),
(287,10,'EX448',1,1,1,0,'00:00:06','00:00:00',0,0,0,0,0,0,0,0,0,'00:00:10','05:00:13','Material','MUD','2020-06-01 04:00:14',10,NULL),
(288,10,'EX448',1,1,1,0,'00:00:11','00:00:00',0,0,0,0,0,0,0,0,0,'00:00:15','05:00:19','Material','RIPPING','2020-06-01 04:00:20',10,NULL),
(289,10,'EX448',1,1,1,0,'00:00:14','00:00:00',0,0,0,1,0,0,0,0,0,'00:00:18','05:00:22','Metode','1','2020-06-01 04:00:23',10,NULL),
(290,10,'EX448',1,1,1,0,'00:02:22','00:00:00',12,0,0.01,1,12,12,0,0,1,'00:02:25','05:02:31','Muatan','12 BCM','2020-06-01 04:02:31',10,NULL),
(291,10,'EX448',1,1,1,0,'00:03:16','00:00:00',12,240,0.01,1,12,12,0,0,1,'00:03:20','05:03:26','Aktifitas','001','2020-06-01 04:03:27',10,NULL),
(292,10,'EX448',1,1,22,0,'00:03:16','00:00:00',12,240,0.01,1,12,12,0,0,1,'00:03:20','05:03:26','Aktifitas','022','2020-06-01 04:03:27',10,NULL),
(293,10,'EX448',1,1,22,0,'00:01:05','00:00:00',12,720,0.01,1,12,12,0,0,1,'00:04:25','05:04:32','Aktifitas','022','2020-06-01 04:04:33',10,NULL),
(294,10,'EX448',1,1,1,0,'00:01:05','00:00:00',12,720,0.01,1,12,12,0,0,1,'00:04:25','05:04:32','Aktifitas','001','2020-06-01 04:04:33',10,NULL),
(295,10,'EX448',1,1,1,0,'00:02:17','00:00:00',24,360,0,1,24,24,0,0,2,'00:06:43','05:06:51','Muatan','12 BCM','2020-06-01 04:06:52',10,NULL),
(296,10,'EX448',1,1,1,0,'00:02:38','00:00:00',24,720,0,1,24,24,0,0,2,'00:07:04','05:07:12','Aktifitas','001','2020-06-01 04:07:13',10,NULL),
(297,10,'EX448',1,1,2,0,'00:02:38','00:00:00',24,720,0,1,24,24,0,0,2,'00:07:04','05:07:12','Aktifitas','002','2020-06-01 04:07:14',10,NULL),
(298,10,'EX448',1,1,2,0,'00:00:20','00:00:00',24,1440,0,1,24,24,0,0,2,'00:07:25','05:07:34','Aktifitas','002','2020-06-01 04:07:35',10,NULL),
(299,10,'EX448',1,1,1,0,'00:00:20','00:00:00',24,1440,0,1,24,24,0,0,2,'00:07:25','05:07:34','Aktifitas','001','2020-06-01 04:07:36',10,NULL),
(300,10,'EX448',1,1,1,0,'00:00:43','00:00:00',36,1440,0,1,36,36,0,0,3,'00:08:09','05:08:19','Muatan','12 BCM','2020-06-01 04:08:20',10,NULL),
(301,11,'EX448',1,1,0,0,'00:00:00','00:00:00',0,0,0,0,0,0,0,0,0,'00:00:00','06:09:23','Engine On','Engine On','2020-06-01 05:09:24',11,NULL),
(302,11,'EX448',1,1,22,0,'00:00:00','00:00:00',0,0,0,0,0,0,0,0,0,'00:00:07','06:09:31','Aktifitas','022','2020-06-01 05:09:31',11,NULL),
(303,11,'EX448',1,1,22,0,'00:00:57','00:00:00',0,0,0,0,0,0,0,0,0,'00:01:05','06:10:29','Aktifitas','022','2020-06-01 05:10:30',11,NULL),
(304,11,'EX448',1,1,1,0,'00:00:57','00:00:00',0,0,0,0,0,0,0,0,0,'00:01:05','06:10:29','Aktifitas','001','2020-06-01 05:10:31',11,NULL),
(305,11,'EX448',1,1,1,0,'00:00:02','00:00:00',0,0,0,1,0,0,0,0,0,'00:01:07','06:10:33','Metode','1','2020-06-01 05:10:33',11,NULL),
(306,11,'EX448',1,1,1,0,'00:00:05','00:00:00',0,0,0,1,0,0,0,0,0,'00:01:10','06:10:36','Material','RIPPING','2020-06-01 05:10:36',11,NULL),
(307,11,'EX448',1,1,1,0,'00:01:50','00:00:00',12,0,0.01,1,12,12,0,0,1,'00:02:55','06:12:22','Muatan','12 BCM','2020-06-01 05:12:23',11,NULL),
(308,11,'EX448',1,1,1,0,'00:02:02','00:00:00',12,360,0.01,1,12,12,0,0,1,'00:03:07','06:12:34','Aktifitas','001','2020-06-01 05:12:34',11,NULL),
(309,11,'EX448',1,1,2,0,'00:02:02','00:00:00',12,360,0.01,1,12,12,0,0,1,'00:03:07','06:12:34','Aktifitas','002','2020-06-01 05:12:35',11,NULL),
(310,11,'EX448',1,1,2,0,'00:00:29','00:00:00',12,720,0.01,1,12,12,0,0,1,'00:03:37','06:13:05','Aktifitas','002','2020-06-01 05:13:05',11,NULL),
(311,11,'EX448',1,1,1,0,'00:00:29','00:00:00',12,720,0.01,1,12,12,0,0,1,'00:03:37','06:13:05','Aktifitas','001','2020-06-01 05:13:06',11,NULL),
(312,11,'EX448',1,1,1,0,'00:01:31','00:00:00',24,720,0,1,24,24,0,0,2,'00:05:09','06:14:38','Muatan','12 BCM','2020-06-01 05:14:38',11,NULL),
(313,11,'EX448',1,1,1,0,'00:01:34','00:00:00',24,1440,0,1,24,24,0,0,2,'00:05:12','06:14:41','Aktifitas','001','2020-06-01 05:14:41',11,NULL),
(314,11,'EX448',1,1,2,0,'00:01:34','00:00:00',24,1440,0,1,24,24,0,0,2,'00:05:12','06:14:41','Aktifitas','002','2020-06-01 05:14:42',11,NULL),
(315,11,'EX448',1,1,2,0,'00:00:30','00:00:00',24,1440,0,1,24,24,0,0,2,'00:05:42','06:15:12','Aktifitas','002','2020-06-01 05:15:12',11,NULL),
(316,11,'EX448',1,1,1,0,'00:00:30','00:00:00',24,1440,0,1,24,24,0,0,2,'00:05:42','06:15:12','Aktifitas','001','2020-06-01 05:15:13',11,NULL),
(317,11,'EX448',1,1,1,0,'00:01:32','00:00:00',36,1440,0,1,36,36,0,0,3,'00:07:14','06:16:47','Muatan','12 BCM','2020-06-01 05:16:48',11,NULL),
(318,11,'EX448',1,1,1,0,'00:01:34','00:00:00',36,2160,0,1,36,36,0,0,3,'00:07:16','06:16:48','Aktifitas','001','2020-06-01 05:16:49',11,NULL),
(319,11,'EX448',1,1,2,0,'00:01:34','00:00:00',36,2160,0,1,36,36,0,0,3,'00:07:16','06:16:48','Aktifitas','002','2020-06-01 05:16:49',11,NULL),
(320,11,'EX448',1,1,2,0,'00:00:09','00:00:00',36,2160,0,1,36,36,0,0,3,'00:07:26','06:16:59','Aktifitas','002','2020-06-01 05:16:59',11,NULL),
(321,11,'EX448',1,1,22,0,'00:00:09','00:00:00',36,2160,0,1,36,36,0,0,3,'00:07:26','06:16:59','Aktifitas','022','2020-06-01 05:17:00',11,NULL),
(322,11,'EX448',1,1,22,0,'00:02:50','00:00:00',48,1080,0,1,48,48,0,0,4,'00:10:16','06:20:04','Muatan','12 BCM','2020-06-01 05:20:05',11,NULL),
(323,11,'EX448',1,1,22,0,'00:02:51','00:00:00',48,1440,0,1,48,48,0,0,4,'00:10:17','06:20:05','Aktifitas','022','2020-06-01 05:20:06',11,NULL),
(324,11,'EX448',1,1,1,0,'00:02:51','00:00:00',48,1440,0,1,48,48,0,0,4,'00:10:17','06:20:05','Aktifitas','001','2020-06-01 05:20:06',11,NULL),
(325,11,'EX448',1,1,1,0,'00:01:35','00:00:00',60,2880,0,1,60,60,0,0,5,'00:11:52','06:21:41','Muatan','12 BCM','2020-06-01 05:25:22',11,NULL),
(326,11,'EX448',1,1,1,0,'00:02:10','00:00:00',60,1800,0,1,60,60,0,0,5,'00:12:28','06:22:17','Aktifitas','001','2020-06-01 05:25:22',11,NULL),
(327,11,'EX448',1,1,1,0,'00:03:41','00:00:00',60,1200,0,1,60,60,0,0,5,'00:13:58','06:23:48','Aktifitas','001','2020-06-01 05:25:22',11,NULL),
(328,11,'EX448',1,1,1,0,'00:05:14','00:00:00',72,720,0,1,72,72,0,0,6,'00:15:31','06:25:21','Muatan','12 BCM','2020-06-01 05:25:22',11,NULL),
(329,11,'EX448',1,0,1,0,'00:05:28','00:00:00',72,864,0,1,72,72,0,0,6,'00:15:45','06:25:36','Selesai Kerja','Selesai Kerja','2020-06-01 05:25:36',11,NULL),
(330,12,'EX448',1,1,0,0,'00:00:00','00:00:00',0,0,0,0,0,0,0,0,0,'00:00:00','06:26:47','Engine On','Engine On','2020-06-01 05:26:47',12,NULL),
(331,12,'EX448',1,1,0,0,'00:00:00','00:00:00',0,0,0,1,0,0,0,0,0,'00:00:01','06:26:48','Metode','1','2020-06-01 05:26:49',12,NULL),
(332,12,'EX448',1,1,0,0,'00:00:00','00:00:00',0,0,0,1,0,0,0,0,0,'00:00:04','06:26:51','Material','MUD','2020-06-01 05:26:52',12,NULL),
(333,12,'EX448',1,1,4,0,'00:00:00','00:00:00',0,0,0,1,0,0,0,0,0,'00:00:05','06:26:52','Aktifitas','004','2020-06-01 05:26:53',12,NULL),
(334,12,'EX448',1,1,4,0,'00:00:00','00:00:00',0,0,0,1,0,0,0,0,0,'00:00:06','06:26:53','Aktifitas','004','2020-06-01 05:26:54',12,NULL),
(335,12,'EX448',1,1,5,0,'00:00:00','00:00:00',0,0,0,1,0,0,0,0,0,'00:00:06','06:26:53','Aktifitas','005','2020-06-01 05:26:54',12,NULL),
(336,12,'EX448',1,1,5,0,'00:00:00','00:00:00',0,0,0,1,0,0,0,0,0,'00:00:07','06:26:55','Aktifitas','005','2020-06-01 05:26:55',12,NULL),
(337,12,'EX448',1,1,6,0,'00:00:00','00:00:00',0,0,0,1,0,0,0,0,0,'00:00:07','06:26:55','Aktifitas','006','2020-06-01 05:26:56',12,NULL),
(338,12,'EX448',1,1,6,0,'00:00:00','00:00:00',0,0,0,1,0,0,0,0,0,'00:00:08','06:26:56','Aktifitas','006','2020-06-01 05:26:56',12,NULL),
(339,12,'EX448',1,1,9,0,'00:00:00','00:00:00',0,0,0,1,0,0,0,0,0,'00:00:08','06:26:56','Aktifitas','009','2020-06-01 05:26:57',12,NULL),
(340,12,'EX448',1,1,9,0,'00:00:00','00:00:00',0,0,0,1,0,0,0,0,0,'00:00:09','06:26:57','Aktifitas','009','2020-06-01 05:26:58',12,NULL),
(341,12,'EX448',1,1,8,0,'00:00:00','00:00:00',0,0,0,1,0,0,0,0,0,'00:00:09','06:26:57','Aktifitas','008','2020-06-01 05:26:58',12,NULL),
(342,12,'EX448',1,1,8,0,'00:00:00','00:00:00',0,0,0,1,0,0,0,0,0,'00:00:10','06:26:58','Aktifitas','008','2020-06-01 05:26:59',12,NULL),
(343,12,'EX448',1,1,7,0,'00:00:00','00:00:00',0,0,0,1,0,0,0,0,0,'00:00:10','06:26:58','Aktifitas','007','2020-06-01 05:26:59',12,NULL),
(344,12,'EX448',1,1,7,0,'00:00:00','00:00:00',0,0,0,1,0,0,0,0,0,'00:00:11','06:26:59','Aktifitas','007','2020-06-01 05:27:00',12,NULL),
(345,12,'EX448',1,1,10,0,'00:00:00','00:00:00',0,0,0,1,0,0,0,0,0,'00:00:11','06:26:59','Aktifitas','010','2020-06-01 05:27:00',12,NULL),
(346,12,'EX448',1,1,10,0,'00:00:00','00:00:00',0,0,0,1,0,0,0,0,0,'00:00:12','06:27:00','Aktifitas','010','2020-06-01 05:27:01',12,NULL),
(347,12,'EX448',1,1,11,0,'00:00:00','00:00:00',0,0,0,1,0,0,0,0,0,'00:00:12','06:27:00','Aktifitas','011','2020-06-01 05:27:01',12,NULL),
(348,12,'EX448',1,1,11,0,'00:00:00','00:00:00',0,0,0,1,0,0,0,0,0,'00:00:13','06:27:01','Aktifitas','011','2020-06-01 05:27:02',12,NULL),
(349,12,'EX448',1,1,12,0,'00:00:00','00:00:00',0,0,0,1,0,0,0,0,0,'00:00:13','06:27:01','Aktifitas','012','2020-06-01 05:27:02',12,NULL),
(350,12,'EX448',1,1,12,0,'00:00:00','00:00:00',0,0,0,1,0,0,0,0,0,'00:00:14','06:27:02','Aktifitas','012','2020-06-01 05:27:03',12,NULL),
(351,12,'EX448',1,1,15,0,'00:00:00','00:00:00',0,0,0,1,0,0,0,0,0,'00:00:14','06:27:02','Aktifitas','015','2020-06-01 05:27:03',12,NULL),
(352,12,'EX448',1,1,15,0,'00:00:00','00:00:00',0,0,0,1,0,0,0,0,0,'00:00:15','06:27:03','Aktifitas','015','2020-06-01 05:27:04',12,NULL),
(353,12,'EX448',1,1,14,0,'00:00:00','00:00:00',0,0,0,1,0,0,0,0,0,'00:00:15','06:27:03','Aktifitas','014','2020-06-01 05:27:04',12,NULL),
(354,12,'EX448',1,1,14,0,'00:00:00','00:00:00',0,0,0,1,0,0,0,0,0,'00:00:15','06:27:04','Aktifitas','014','2020-06-01 05:27:05',12,NULL),
(355,12,'EX448',1,1,13,0,'00:00:00','00:00:00',0,0,0,1,0,0,0,0,0,'00:00:15','06:27:04','Aktifitas','013','2020-06-01 05:27:05',12,NULL),
(356,12,'EX448',1,1,13,0,'00:00:00','00:00:00',0,0,0,1,0,0,0,0,0,'00:00:16','06:27:05','Aktifitas','013','2020-06-01 05:27:06',12,NULL),
(357,12,'EX448',1,1,16,0,'00:00:00','00:00:00',0,0,0,1,0,0,0,0,0,'00:00:16','06:27:05','Aktifitas','016','2020-06-01 05:27:06',12,NULL),
(358,12,'EX448',1,1,16,0,'00:00:00','00:00:00',0,0,0,1,0,0,0,0,0,'00:00:17','06:27:06','Aktifitas','016','2020-06-01 05:27:07',12,NULL),
(359,12,'EX448',1,1,16,0,'00:00:00','00:00:00',0,0,0,1,0,0,0,0,0,'00:00:17','06:27:06','Aktifitas','016','2020-06-01 05:27:07',12,NULL),
(360,12,'EX448',1,1,16,0,'00:00:00','00:00:00',0,0,0,1,0,0,0,0,0,'00:00:17','06:27:06','Aktifitas','016','2020-06-01 05:27:08',12,NULL),
(361,12,'EX448',1,1,17,0,'00:00:00','00:00:00',0,0,0,1,0,0,0,0,0,'00:00:17','06:27:06','Aktifitas','017','2020-06-01 05:27:08',12,NULL),
(362,12,'EX448',1,1,17,0,'00:00:00','00:00:00',0,0,0,1,0,0,0,0,0,'00:00:18','06:27:08','Aktifitas','017','2020-06-01 05:27:09',12,NULL),
(363,12,'EX448',1,1,18,0,'00:00:00','00:00:00',0,0,0,1,0,0,0,0,0,'00:00:18','06:27:08','Aktifitas','018','2020-06-01 05:27:09',12,NULL),
(364,12,'EX448',1,1,18,0,'00:00:01','00:00:00',0,0,0,1,0,0,0,0,0,'00:00:19','06:27:10','Aktifitas','018','2020-06-01 05:27:10',12,NULL),
(365,12,'EX448',1,1,21,0,'00:00:01','00:00:00',0,0,0,1,0,0,0,0,0,'00:00:19','06:27:10','Aktifitas','021','2020-06-01 05:27:11',12,NULL),
(366,12,'EX448',1,1,21,0,'00:00:01','00:00:00',0,0,0,1,0,0,0,0,0,'00:00:20','06:27:11','Aktifitas','021','2020-06-01 05:27:11',12,NULL),
(367,12,'EX448',1,1,20,0,'00:00:01','00:00:00',0,0,0,1,0,0,0,0,0,'00:00:20','06:27:11','Aktifitas','020','2020-06-01 05:27:12',12,NULL),
(368,12,'EX448',1,1,20,0,'00:00:01','00:00:00',0,0,0,1,0,0,0,0,0,'00:00:21','06:27:12','Aktifitas','020','2020-06-01 05:27:12',12,NULL),
(369,12,'EX448',1,1,19,0,'00:00:01','00:00:00',0,0,0,1,0,0,0,0,0,'00:00:21','06:27:12','Aktifitas','019','2020-06-01 05:27:13',12,NULL),
(370,12,'EX448',1,1,19,0,'00:00:01','00:00:00',0,0,0,1,0,0,0,0,0,'00:00:22','06:27:13','Aktifitas','019','2020-06-01 05:27:14',12,NULL),
(371,12,'EX448',1,1,22,0,'00:00:01','00:00:00',0,0,0,1,0,0,0,0,0,'00:00:22','06:27:13','Aktifitas','022','2020-06-01 05:27:14',12,NULL),
(372,12,'EX448',1,1,22,0,'00:00:01','00:00:00',0,0,0,1,0,0,0,0,0,'00:00:23','06:27:14','Aktifitas','022','2020-06-01 05:27:15',12,NULL),
(373,12,'EX448',1,1,23,0,'00:00:01','00:00:00',0,0,0,1,0,0,0,0,0,'00:00:23','06:27:14','Aktifitas','023','2020-06-01 05:27:15',12,NULL),
(374,12,'EX448',1,1,23,0,'00:00:01','00:00:00',0,0,0,1,0,0,0,0,0,'00:00:24','06:27:16','Aktifitas','023','2020-06-01 05:27:16',12,NULL),
(375,12,'EX448',1,1,24,0,'00:00:01','00:00:00',0,0,0,1,0,0,0,0,0,'00:00:24','06:27:16','Aktifitas','024','2020-06-01 05:27:17',12,NULL),
(376,12,'EX448',1,1,24,0,'00:00:01','00:00:00',0,0,0,1,0,0,0,0,0,'00:00:25','06:27:17','Aktifitas','024','2020-06-01 05:27:17',12,NULL),
(377,12,'EX448',1,1,27,0,'00:00:01','00:00:00',0,0,0,1,0,0,0,0,0,'00:00:25','06:27:17','Aktifitas','027','2020-06-01 05:27:18',12,NULL),
(378,12,'EX448',1,1,27,0,'00:00:01','00:00:00',0,0,0,1,0,0,0,0,0,'00:00:26','06:27:18','Aktifitas','027','2020-06-01 05:27:18',12,NULL),
(379,12,'EX448',1,1,26,0,'00:00:01','00:00:00',0,0,0,1,0,0,0,0,0,'00:00:26','06:27:18','Aktifitas','026','2020-06-01 05:27:19',12,NULL),
(380,12,'EX448',1,1,26,0,'00:00:01','00:00:00',0,0,0,1,0,0,0,0,0,'00:00:27','06:27:19','Aktifitas','026','2020-06-01 05:27:20',12,NULL),
(381,12,'EX448',1,1,25,0,'00:00:01','00:00:00',0,0,0,1,0,0,0,0,0,'00:00:27','06:27:19','Aktifitas','025','2020-06-01 05:27:20',12,NULL),
(382,12,'EX448',1,1,25,0,'00:00:01','00:00:00',0,0,0,1,0,0,0,0,0,'00:00:28','06:27:20','Aktifitas','025','2020-06-01 05:27:21',12,NULL),
(383,12,'EX448',1,1,28,0,'00:00:01','00:00:00',0,0,0,1,0,0,0,0,0,'00:00:28','06:27:20','Aktifitas','028','2020-06-01 05:27:21',12,NULL),
(384,12,'EX448',1,1,28,0,'00:00:01','00:00:00',0,0,0,1,0,0,0,0,0,'00:00:29','06:27:21','Aktifitas','028','2020-06-01 05:27:22',12,NULL),
(385,12,'EX448',1,1,29,0,'00:00:01','00:00:00',0,0,0,1,0,0,0,0,0,'00:00:29','06:27:21','Aktifitas','029','2020-06-01 05:27:22',12,NULL),
(386,12,'EX448',1,1,29,0,'00:00:01','00:00:00',0,0,0,1,0,0,0,0,0,'00:00:30','06:27:23','Status','DT KEROK VESEL','2020-06-01 05:27:24',12,NULL),
(387,12,'EX448',1,1,29,0,'00:00:03','00:00:01',0,0,0,1,0,0,0,0,0,'00:00:32','06:27:25','Status','DT MUNDUR JAUH','2020-06-01 05:27:26',12,NULL),
(388,12,'EX448',1,1,29,0,'00:00:04','00:00:01',0,0,0,1,0,0,0,0,0,'00:00:33','06:27:26','Status','DT REFUEL','2020-06-01 05:27:27',12,NULL),
(389,12,'EX448',1,1,29,0,'00:00:05','00:00:01',0,0,0,1,0,0,0,0,0,'00:00:34','06:27:27','Status','FRONT LEMBEK','2020-06-01 05:27:28',12,NULL),
(390,12,'EX448',1,1,29,0,'00:00:06','00:00:01',0,0,0,1,0,0,0,0,0,'00:00:35','06:27:28','Status','FRONT CROWDED','2020-06-01 05:27:29',12,NULL),
(391,12,'EX448',1,1,29,0,'00:00:07','00:00:01',0,0,0,1,0,0,0,0,0,'00:00:36','06:27:29','Status','ENGINE MATI/LIPAT','2020-06-01 05:27:29',12,NULL),
(392,12,'EX448',1,1,29,0,'00:00:08','00:00:01',0,0,0,1,0,0,0,0,0,'00:00:37','06:27:30','Status','FRONT MENANJAK','2020-06-01 05:27:31',12,NULL),
(393,12,'EX448',1,1,29,0,'00:00:09','00:00:01',0,0,0,1,0,0,0,0,0,'00:00:38','06:27:31','Status','FRONT SEMPIT','2020-06-01 05:27:32',12,NULL),
(394,12,'EX448',1,1,29,0,'00:00:10','00:00:01',0,0,0,1,0,0,0,0,0,'00:00:39','06:27:32','Status','GROUND TEST','2020-06-01 05:27:33',12,NULL),
(395,12,'EX448',1,1,29,0,'00:00:12','00:00:01',0,0,0,1,0,0,0,0,0,'00:00:41','06:27:34','Status','TEST FATIGUE','2020-06-01 05:27:35',12,NULL),
(396,12,'EX448',1,1,29,0,'00:00:14','00:00:01',0,0,0,1,0,0,0,0,0,'00:00:43','06:27:36','Status','STANDBY','2020-06-01 05:27:37',12,NULL),
(397,12,'EX448',1,1,29,0,'00:00:16','00:00:02',0,0,0,1,0,0,0,0,0,'00:00:45','06:27:39','Status','SAMBIL KEROK VESEL','2020-06-01 05:27:40',12,NULL),
(398,12,'EX448',1,1,29,0,'00:00:18','00:00:01',14,0,0,1,14,14,0,0,1,'00:00:47','06:27:41','Muatan','14 BCM','2020-06-01 05:27:42',12,NULL),
(399,12,'EX448',1,1,29,0,'00:00:43','00:00:26',26,840,0,1,26,26,0,0,2,'00:01:12','06:28:06','Muatan','12 BCM','2020-06-01 05:28:07',12,NULL),
(400,12,'EX448',1,1,29,0,'00:00:44','00:00:27',37,1560,0,1,37,37,0,0,3,'00:01:13','06:28:07','Muatan','11 BCM','2020-06-01 05:28:08',12,NULL),
(401,12,'EX448',1,1,29,0,'00:01:08','00:00:51',37,2220,0,1,37,37,0,0,3,'00:01:37','06:28:31','Aktifitas','029','2020-06-01 05:28:32',12,NULL),
(402,12,'EX448',1,1,1,0,'00:01:08','00:00:51',37,2220,0,1,37,37,0,0,3,'00:01:37','06:28:31','Aktifitas','001','2020-06-01 05:28:32',12,NULL),
(403,12,'EX448',1,0,1,0,'00:00:08','00:01:00',37,2220,0,1,37,37,0,0,3,'00:01:46','06:28:41','Engine Off','Engine Off','2020-06-01 05:28:41',12,NULL),
(404,12,'EX448',1,1,1,0,'00:00:08','00:01:00',37,2220,0,1,37,37,0,0,3,'00:01:46','06:28:42','Engine On','Engine On','2020-06-01 05:28:43',12,NULL),
(405,12,'EX448',1,0,1,0,'00:00:10','00:01:02',37,2220,0,1,37,37,0,0,3,'00:01:48','06:28:45','Engine Off','Engine Off','2020-06-01 05:28:45',12,NULL),
(406,12,'EX448',1,1,1,0,'00:00:10','00:01:02',37,2220,0,1,37,37,0,0,3,'00:01:48','06:29:01','Engine On','Engine On','2020-06-01 05:29:02',12,NULL),
(407,12,'EX448',1,1,1,0,'00:00:16','00:01:08',37,2220,0,1,37,37,0,0,3,'00:01:54','06:29:08','Status','DT MUNDUR JAUH','2020-06-01 05:29:09',12,NULL),
(408,12,'EX448',1,1,1,0,'00:00:18','00:00:01',37,2220,0,1,37,37,0,0,3,'00:01:56','06:29:10','Status','ENGINE MATI/LIPAT','2020-06-01 05:29:11',12,NULL),
(409,12,'EX448',1,0,1,0,'00:00:21','00:00:02',37,2220,0,1,37,37,0,0,3,'00:01:59','06:29:14','Engine Off','Engine Off','2020-06-01 05:29:14',12,NULL),
(410,12,'EX448',1,1,1,0,'00:00:21','00:00:02',37,2220,0,1,37,37,0,0,3,'00:01:59','06:29:29','Engine On','Engine On','2020-06-01 05:29:30',12,NULL),
(411,12,'EX448',1,0,1,0,'00:00:27','00:00:08',37,2220,0,1,37,37,0,0,3,'00:02:05','06:29:36','Selesai Kerja','Selesai Kerja','2020-06-01 05:29:36',12,NULL),
(412,16,'EX448',1,1,0,0,'00:00:00','00:00:00',0,0,0,0,0,0,0,0,0,'00:00:00','11:41:15','Engine On','Engine On','2020-06-01 10:41:16',16,NULL),
(413,16,'EX448',1,1,0,0,'00:00:00','00:00:00',0,0,0,1,0,0,0,0,0,'00:00:02','11:41:18','Metode','1','2020-06-01 10:41:19',16,NULL),
(414,16,'EX448',1,1,0,0,'00:00:00','00:00:00',0,0,0,1,0,0,0,0,0,'00:00:04','11:41:21','Status','GROUND TEST','2020-06-01 10:41:21',16,NULL),
(415,16,'EX448',1,1,1,0,'00:00:00','00:00:04',0,0,0,1,0,0,0,0,0,'00:00:09','11:41:26','Aktifitas','001','2020-06-01 10:41:27',16,NULL),
(416,16,'EX448',1,1,1,0,'00:00:14','00:00:18',0,0,0,1,0,0,0,0,0,'00:00:23','11:41:41','Aktifitas','001','2020-06-01 10:41:42',16,NULL),
(417,16,'EX448',1,1,2,0,'00:00:14','00:00:18',0,0,0,1,0,0,0,0,0,'00:00:23','11:41:41','Aktifitas','002','2020-06-01 10:41:43',16,NULL),
(418,16,'EX448',1,1,2,0,'00:00:10','00:00:29',0,0,0,1,0,0,0,0,0,'00:00:34','11:41:53','Aktifitas','002','2020-06-01 10:41:54',16,NULL),
(419,16,'EX448',1,1,1,0,'00:00:10','00:00:29',0,0,0,1,0,0,0,0,0,'00:00:34','11:41:53','Aktifitas','001','2020-06-01 10:41:55',16,NULL),
(420,16,'EX448',1,1,1,0,'00:00:12','00:00:41',0,0,0,1,0,0,0,0,0,'00:00:46','11:42:07','Material','RIPPING','2020-06-01 10:42:07',16,NULL),
(421,16,'EX448',1,1,1,0,'00:01:49','00:02:18',12,0,0.01,1,12,12,0,0,1,'00:02:23','11:43:44','Muatan','12 BCM','2020-06-01 10:43:45',16,NULL),
(422,16,'EX448',1,1,1,0,'00:02:10','00:02:39',12,360,0.01,1,12,12,0,0,1,'00:02:44','11:44:05','Aktifitas','001','2020-06-01 10:44:06',16,NULL),
(423,16,'EX448',1,1,2,0,'00:02:10','00:02:39',12,360,0.01,1,12,12,0,0,1,'00:02:44','11:44:05','Aktifitas','002','2020-06-01 10:44:07',16,NULL),
(424,16,'EX448',1,1,2,0,'00:00:55','00:03:34',12,720,0.01,1,12,12,0,0,1,'00:03:39','11:45:01','Aktifitas','002','2020-06-01 10:45:02',16,NULL),
(425,16,'EX448',1,1,1,0,'00:00:55','00:03:34',12,720,0.01,1,12,12,0,0,1,'00:03:39','11:45:01','Aktifitas','001','2020-06-01 10:45:03',16,NULL),
(426,16,'EX448',1,1,1,0,'00:01:25','00:05:00',24,720,0,1,24,24,0,0,2,'00:05:05','11:46:28','Muatan','12 BCM','2020-06-01 10:46:29',16,NULL),
(427,16,'EX448',1,1,1,0,'00:01:27','00:05:02',24,1440,0,1,24,24,0,0,2,'00:05:07','11:46:31','Aktifitas','001','2020-06-01 10:46:31',16,NULL),
(428,16,'EX448',1,1,2,0,'00:01:27','00:05:02',24,1440,0,1,24,24,0,0,2,'00:05:07','11:46:31','Aktifitas','002','2020-06-01 10:46:32',16,NULL),
(429,16,'EX448',1,1,2,0,'00:01:07','00:06:10',24,1440,0,1,24,24,0,0,2,'00:06:14','11:47:41','Aktifitas','002','2020-06-01 10:47:41',16,NULL),
(430,16,'EX448',1,1,1,0,'00:01:07','00:06:10',24,1440,0,1,24,24,0,0,2,'00:06:14','11:47:41','Aktifitas','001','2020-06-01 10:47:42',16,NULL),
(431,16,'EX448',1,1,1,0,'00:01:17','00:07:27',36,1440,0,1,36,36,0,0,3,'00:07:31','11:48:59','Muatan','12 BCM','2020-06-01 10:49:00',16,NULL),
(432,16,'EX448',1,1,1,0,'00:01:19','00:07:29',36,2160,0,1,36,36,0,0,3,'00:07:33','11:49:01','Aktifitas','001','2020-06-01 10:49:02',16,NULL),
(433,16,'EX448',1,1,2,0,'00:01:19','00:07:29',36,2160,0,1,36,36,0,0,3,'00:07:33','11:49:01','Aktifitas','002','2020-06-01 10:49:02',16,NULL),
(434,16,'EX448',1,1,2,0,'00:00:46','00:08:16',36,2160,0,1,36,36,0,0,3,'00:08:20','11:49:48','Aktifitas','002','2020-06-01 10:49:50',16,NULL),
(435,16,'EX448',1,1,1,0,'00:00:46','00:08:16',36,2160,0,1,36,36,0,0,3,'00:08:20','11:49:48','Aktifitas','001','2020-06-01 10:49:51',16,NULL),
(436,16,'EX448',1,1,1,0,'00:01:33','00:09:50',48,2160,0,1,48,48,0,0,4,'00:09:54','11:51:24','Muatan','12 BCM','2020-06-01 10:51:25',16,NULL),
(437,16,'EX448',1,1,1,0,'00:01:36','00:09:52',48,2880,0,1,48,48,0,0,4,'00:09:56','11:51:27','Aktifitas','001','2020-06-01 10:51:28',16,NULL),
(438,16,'EX448',1,1,26,0,'00:01:36','00:09:52',48,2880,0,1,48,48,0,0,4,'00:09:56','11:51:27','Aktifitas','026','2020-06-01 10:51:28',16,NULL),
(439,16,'EX448',1,1,26,0,'00:00:02','00:09:54',48,2880,0,1,48,48,0,0,4,'00:09:58','11:51:30','Aktifitas','026','2020-06-01 10:51:31',16,NULL),
(440,16,'EX448',1,1,2,0,'00:00:02','00:09:54',48,2880,0,1,48,48,0,0,4,'00:09:58','11:51:30','Aktifitas','002','2020-06-01 10:51:32',16,NULL),
(441,16,'EX448',1,1,2,0,'00:00:39','00:10:33',48,2880,0,1,48,48,0,0,4,'00:10:38','11:52:11','Aktifitas','002','2020-06-01 10:52:12',16,NULL),
(442,16,'EX448',1,1,1,0,'00:00:39','00:10:33',48,2880,0,1,48,48,0,0,4,'00:10:38','11:52:11','Aktifitas','001','2020-06-01 10:52:13',16,NULL),
(443,16,'EX448',1,1,1,0,'00:01:34','00:12:08',60,2880,0,1,60,60,0,0,5,'00:12:13','11:53:47','Muatan','12 BCM','2020-06-01 10:53:48',16,NULL),
(444,16,'EX448',1,1,1,0,'00:01:38','00:12:12',60,3600,0,1,60,60,0,0,5,'00:12:17','11:53:51','Aktifitas','001','2020-06-01 10:53:52',16,NULL),
(445,16,'EX448',1,1,2,0,'00:01:38','00:12:12',60,3600,0,1,60,60,0,0,5,'00:12:17','11:53:51','Aktifitas','002','2020-06-01 10:53:52',16,NULL),
(446,16,'EX448',1,1,2,0,'00:01:14','00:13:26',60,3600,0,1,60,60,0,0,5,'00:13:31','11:55:06','Aktifitas','002','2020-06-01 10:55:07',16,NULL),
(447,16,'EX448',1,1,1,0,'00:01:14','00:13:26',60,3600,0,1,60,60,0,0,5,'00:13:31','11:55:06','Aktifitas','001','2020-06-01 10:55:08',16,NULL),
(448,16,'EX448',1,1,1,0,'00:00:38','00:14:04',72,3600,0,1,72,72,0,0,6,'00:14:09','11:55:46','Muatan','12 BCM','2020-06-01 10:55:47',16,NULL),
(449,16,'EX448',1,1,1,0,'00:00:42','00:14:08',72,4320,0,1,72,72,0,0,6,'00:14:13','11:55:50','Aktifitas','001','2020-06-01 10:55:51',16,NULL),
(450,16,'EX448',1,1,2,0,'00:00:42','00:14:08',72,4320,0,1,72,72,0,0,6,'00:14:13','11:55:50','Aktifitas','002','2020-06-01 10:55:51',16,NULL),
(451,16,'EX448',1,0,2,0,'00:00:41','00:14:50',72,4320,0,1,72,72,0,0,6,'00:14:55','11:56:33','Selesai Kerja','Selesai Kerja','2020-06-01 10:56:34',16,NULL),
(452,18,'EX430',1,1,0,0,'00:00:00','00:00:00',0,0,0,0,0,0,0,0,0,'00:00:00','11:20:39','Engine On','Engine On','2020-06-03 10:20:38',18,NULL),
(453,18,'EX430',1,1,0,0,'00:00:00','00:00:00',0,0,0,0,0,0,0,0,0,'00:00:07','11:20:46','Material','RIPPING','2020-06-03 10:20:46',18,NULL),
(454,18,'EX430',1,1,0,0,'00:00:00','00:00:00',0,0,0,1,0,0,0,0,0,'00:00:25','11:21:05','Metode','1','2020-06-03 10:21:04',18,NULL),
(455,18,'EX430',1,1,2,0,'00:00:00','00:00:00',0,0,0,1,0,0,0,0,0,'00:01:14','11:21:54','Aktifitas','002','2020-06-03 10:21:54',18,NULL),
(456,18,'EX430',1,1,2,0,'00:00:56','00:00:00',0,0,0,1,0,0,0,0,0,'00:02:11','11:22:51','Aktifitas','002','2020-06-03 10:22:51',18,NULL),
(457,18,'EX430',1,1,1,0,'00:00:56','00:00:00',0,0,0,1,0,0,0,0,0,'00:02:11','11:22:51','Aktifitas','001','2020-06-03 10:22:51',18,NULL),
(458,18,'EX430',1,1,1,0,'00:02:00','00:00:00',14,0,0.01,1,14,14,0,0,1,'00:04:12','11:24:53','Muatan','14 BCM','2020-06-03 10:24:53',18,NULL),
(459,18,'EX430',1,1,1,0,'00:02:03','00:00:00',14,420,0.01,1,14,14,0,0,1,'00:04:15','11:24:57','Aktifitas','001','2020-06-03 10:24:56',18,NULL),
(460,18,'EX430',1,1,2,0,'00:02:03','00:00:00',14,420,0.01,1,14,14,0,0,1,'00:04:15','11:24:57','Aktifitas','002','2020-06-03 10:24:57',18,NULL),
(461,18,'EX430',1,1,2,0,'00:00:38','00:00:00',14,840,0.01,1,14,14,0,0,1,'00:04:54','11:25:36','Aktifitas','002','2020-06-03 10:25:35',18,NULL),
(462,18,'EX430',1,1,1,0,'00:00:38','00:00:00',14,840,0.01,1,14,14,0,0,1,'00:04:54','11:25:36','Aktifitas','001','2020-06-03 10:25:36',18,NULL),
(463,18,'EX430',1,1,1,0,'00:02:11','00:00:00',28,420,0,1,28,28,0,0,2,'00:07:06','11:27:49','Muatan','14 BCM','2020-06-03 10:27:49',18,NULL),
(464,18,'EX430',1,1,1,0,'00:02:33','00:00:00',28,840,0,1,28,28,0,0,2,'00:07:28','11:28:11','Aktifitas','001','2020-06-03 10:28:11',18,NULL),
(465,18,'EX430',1,1,22,0,'00:02:33','00:00:00',28,840,0,1,28,28,0,0,2,'00:07:28','11:28:11','Aktifitas','022','2020-06-03 10:28:11',18,NULL),
(466,18,'EX430',1,1,22,0,'00:00:03','00:00:00',28,1680,0,1,28,28,0,0,2,'00:07:32','11:28:16','Aktifitas','022','2020-06-03 10:28:15',18,NULL),
(467,18,'EX430',1,1,2,0,'00:00:03','00:00:00',28,1680,0,1,28,28,0,0,2,'00:07:32','11:28:16','Aktifitas','002','2020-06-03 10:28:17',18,NULL),
(468,18,'EX430',1,1,2,0,'00:00:34','00:00:00',28,1680,0,1,28,28,0,0,2,'00:08:07','11:28:59','Aktifitas','002','2020-06-03 10:28:59',18,NULL),
(469,18,'EX430',1,1,1,0,'00:00:34','00:00:00',28,1680,0,1,28,28,0,0,2,'00:08:07','11:28:59','Aktifitas','001','2020-06-03 10:29:00',18,NULL),
(470,18,'EX430',1,1,1,0,'00:00:32','00:00:00',28,1680,0,1,28,28,0,0,2,'00:08:39','11:29:43','Status','NORMAL','2020-06-03 10:29:43',18,NULL),
(471,18,'EX430',1,0,1,0,'00:00:46','00:00:14',28,1680,0,1,28,28,0,0,2,'00:08:53','11:29:58','Selesai Kerja','Selesai Kerja','2020-06-03 10:29:58',18,NULL),
(472,19,'EX448',1,1,0,0,'00:00:00','00:00:00',0,0,0,0,0,0,0,0,0,'00:00:00','13:51:36','Engine On','Engine On','2020-06-03 12:51:35',19,NULL),
(473,19,'EX448',1,1,0,0,'00:00:00','00:00:00',0,0,0,1,0,0,0,0,0,'00:00:02','13:51:38','Metode','NORMAL BENCH','2020-06-03 12:51:38',19,NULL),
(474,19,'EX448',1,1,0,0,'00:00:00','00:00:00',0,0,0,1,0,0,8,0,0,'00:00:05','13:51:41','Material','RIPPING','2020-06-03 12:51:41',19,NULL),
(475,19,'EX448',1,1,1,0,'00:00:00','00:00:00',0,0,0,1,0,0,8,0,0,'00:00:09','13:51:45','Aktifitas','LOADING','2020-06-03 12:51:45',19,NULL),
(476,19,'EX448',1,1,1,0,'00:00:05','00:00:00',0,0,0,1,0,0,8,0,0,'00:00:14','13:51:50','Aktifitas','001','2020-06-03 12:51:50',19,NULL),
(477,19,'EX448',1,1,2,0,'00:00:05','00:00:00',0,0,0,1,0,0,8,0,0,'00:00:14','13:51:50','Aktifitas','HAULER & SPOTTING','2020-06-03 12:51:50',19,NULL),
(478,19,'EX448',1,1,2,0,'00:00:28','00:00:00',0,0,0,1,0,0,8,0,0,'00:00:43','13:52:19','Aktifitas','002','2020-06-03 12:52:19',19,NULL),
(479,19,'EX448',1,1,1,0,'00:00:28','00:00:00',0,0,0,1,0,0,8,0,0,'00:00:43','13:52:19','Aktifitas','LOADING','2020-06-03 12:52:19',19,NULL),
(480,19,'EX448',1,1,1,0,'00:01:41','00:00:00',14,0,50,1,14,14,8,0,1,'00:02:24','13:54:01','Muatan','14BCM','2020-06-03 12:54:01',19,NULL),
(481,19,'EX448',1,1,1,0,'00:04:18','00:00:00',28,210,80,1,28,28,8,0,2,'00:05:01','13:56:39','Muatan','14BCM','2020-06-03 12:56:39',19,NULL);

/*Data for the table `material` */

insert  into `material`(`kode_material`,`jenis`,`display`) values 
(1,'NON RIPPING','NR'),
(3,'HARD RIPPING','HARD RIPPING'),
(4,'MUD','MUD'),
(5,'COAL',' COAL'),
(6,'NON RIPPING ORI','NON RIPPING ORI'),
(7,'BOULDER MATERIAL','BOULDER MATERIAL'),
(8,'RIPPING','RIPPING');

/*Data for the table `metode` */

insert  into `metode`(`id`,`metode`,`display`) values 
(1,'NORMAL BENCH','NORMAL LOADING'),
(2,'TOP LOADING','TOP LOADING'),
(3,'DOUBLE BENCH','DOUBLE BENCH'),
(4,'DOUBLE SIDE','DOUBLE SIDE');

/*Data for the table `muatan` */

insert  into `muatan`(`id`,`kode`,`status`) values 
(1,'11','11 BCM'),
(2,'12','12 BCM'),
(3,'14','14 BCM');

/*Data for the table `status` */

insert  into `status`(`id`,`kode`,`kategori`,`aktivitas`) values 
(1,'001','AKTIVITAS','LOADING'),
(2,'002','AKTIVITAS','HAULER SPOTTIING'),
(3,'003','AKTIVITAS','WAIT DT/HD'),
(4,'004','AKTIVITAS','EXCA BREAKDOWN'),
(5,'005','AKTIVITAS','CEK MEKANIK/DM'),
(6,'006','AKTIVITAS','REFUELING EXCA'),
(7,'007','AKTIVITAS','PRAYING/SHOLAT'),
(8,'008','AKTIVITAS','REST'),
(9,'009','AKTIVITAS','TUNGGU RIPPING'),
(10,'010','AKTIVITAS','DEMO WARGA'),
(11,'011','AKTIVITAS','FOGGY/KABUT'),
(12,'012','AKTIVITAS','HUJAN'),
(13,'013','AKTIVITAS','SLIPPERY'),
(14,'014','AKTIVITAS','DEBU'),
(15,'015','AKTIVITAS','WASHING'),
(16,'016','AKTIVITAS','OPERATOR BAB'),
(17,'017','AKTIVITAS','ACCIDENT'),
(18,'018','AKTIVITAS','TUNGGU SURVEY'),
(19,'019','AKTIVITAS','LAINNYA'),
(20,'020','AKTIVITAS','PERBAIKAN FRONT - DOZER'),
(21,'021','AKTIVITAS','REHANDLING FRONT - DOZER'),
(22,'022','AKTIVITAS','PERBAIKAN FRONT - SENDIR'),
(23,'023','AKTIVITAS','REHANDLING FRONT - SENDIRI'),
(24,'024','AKTIVITAS','EVAKUASI UNIT'),
(25,'025','AKTIVITAS','TRAVEL (JAUH)'),
(26,'026','AKTIVITAS','PINDAH FRONT (DEKAT)'),
(27,'027','AKTIVITAS','TUNGGU LOKASI'),
(28,'028','AKTIVITAS','SAMBIL  GENERAL'),
(29,'029','AKTIVITAS','SAMBIL BLENDING'),
(30,'101','STATUS','DT KEROK VESEL'),
(31,'102','STATUS','DT MUNDUR JAUH'),
(32,'103','STATUS','DT REFUEL'),
(33,'104','STATUS','FRONT CROWDED'),
(34,'105','STATUS','FRONT LEMBEK'),
(35,'106','STATUS','FRONT MENANJAK'),
(36,'107','STATUS','FRONT SEMPIT'),
(37,'108','STATUS','TEST FATIGUE'),
(38,'109','STATUS','ENGINE MATI/LIPAT'),
(39,'110','STATUS','NORMAL'),
(40,'111','STATUS','SAMBIL KEROK VESEL'),
(41,'112','STATUS','STANDBY');

/*Data for the table `unit` */

insert  into `unit`(`id`,`kode`) values 
(1,'EX448'),
(2,'EX423'),
(3,'EX430'),
(4,'EX432'),
(5,'EX440'),
(6,'EX443'),
(7,'EX447'),
(8,'EX991'),
(9,'EX431');

/*Data for the table `user_level` */

insert  into `user_level`(`id`,`ULEVEL`,`type`) values 
(1,'1','operator'),
(2,'2','pengawas'),
(3,'3','admin');

/*Data for the table `validation_data` */

insert  into `validation_data`(`id`,`id_engine_operator`,`validation_status`,`comment`,`vtime`,`vpic`) values 
(1,10,'1','loading','04:00:00',1),
(2,13,'1','loading','13:00:00',1),
(4,12,'1','loading','03:10:19',1),
(5,21,'1','Loading','14:44:07',1);

/*!40101 SET SQL_MODE=@OLD_SQL_MODE */;
/*!40014 SET UNIQUE_CHECKS=@OLD_UNIQUE_CHECKS */;
/*!40111 SET SQL_NOTES=@OLD_SQL_NOTES */;
